SELF-TEST -- pinrun
  ok   all 60 prints locked at now=close (remaining 0)
  ok   locked sum excludes tick@close and includes tick@close-60 (5900.0, expected 5900.0)
  ok   decided yes on the corrected window (fair 1.0)
  ok   old and new windows genuinely differ on this fixture
  ok   eff_strike(2492.82, d=2) == 2492.815
  ok   rounding-aware fair calls the real ETH market YES (1.0)
  ok   the un-rounded model calls it NO (0.0) -- the -90.91c loss
  ok   the locked window ends at the newest print HELD, not at now (remaining 3, locked 58596.0)
  ok   with the newest print in flight on a rising index the corrected model says YES (fair 1.0000); mean-imputation said NO (fair 0.0000) -- a wrong-side buy at ~99c
  ok   an interior gap takes the nearest print (6899.0, expected 6899.0; the window-mean rule would say 6914.2)
  ok   partial refuses a window missing more than 5% of its prints
  ok   buying YES at 98.3c and NO at 90.8c on ONE market pays 189.1c for a guaranteed $1.00 -- a locked 89.1c loss carrying NO directional risk
  ok   and EVERY price the rule can pay is above 50c, so a both-sides pair is ALWAYS a locked loss -- there is no price at which it is not
  ok   the side taken is recorded PER TICKER, so a second market is unaffected -- the guard must not block ordinary diversification
  ok   three losing trades on ONE close plus one on another is TWO losing closes, not four (2) -- tonight three fills on one NEAR market spent the whole 3-loss budget on a SINGLE draw
  ok   so one bad close can no longer exhaust a 3-close brake by itself, which is what 'three losses is roughly a 1% event' actually assumed
  ok   two fills on the SAME ticker occupy TWO entries -- keyed by order id, the second cannot overwrite the first
  ok   and open exposure is the SUM of both stakes ($36.82), not just the last
  ok   releasing ONE of them leaves the ticker still referenced, so the position record must NOT be dropped yet
  ok   and only when the last one goes is the ticker free -- the null, so a release cannot fire early
  ok   and NOTHING in the loop still keys open_pos by ticker
  ok   attempts (24) are capped ABOVE fills (2) -- separate budgets, because a lost race should cost a retry but not a fill slot
  ok   spam into ONE market is capped at 3 orders -- this is the bar that replaced `MAX_ATTEMPTS_PER_CLOSE < 20`, and it is tighter than that one was for the runaway it was written for
  ok   and the close cap is still bounded -- every coin twice plus a little (24), not unlimited
  ok   the attempt cap is actually READ in the loop, not merely defined
  ok   and so is the per-market cap -- a safety bar that is defined but never read is the exact defect risk_abort was once caught with
  ok   and it is incremented on every send, or it can never bind
  ok   and an attempt is counted BEFORE the order is sent, so a send that never returns still consumes one
  ok   a RETURNED refusal is counted as an order error -- take() does not raise, so nothing noticed 160 refusals in a row
  ok   pintake's own count rail is below its hard ceiling (10 <= 25)
  pintake rails raised: MAX_TAKE_COUNT 10 -> 15  (selftest)
  ok   set_limits RAISES the count rail so it can never be the thing that silently blocks a bigger size again
  ok   and it REFUSES to lower it
  ok   the fixture buys exactly MAX_PER_CLOSE times (2)
  ok   and every later buy is at least IMPROVE_BY cheaper -- so the marginal trade cap 3 adds is the CHEAPEST of the close, which is why it cannot degrade the average price paid
  ok   three fills commit $38.80, the sum of their stakes, not three times the first
  ok   and that is at or below the $40 worst case the deployment rail sizes the brake against -- the rail is conservative, as it must be
  ok   and releasing all three gives back EXACTLY what was committed
  ok   the forward loss bound tolerates all three open ($38.80 vs a $-90.00 brake)
  ok   the fixture holds two full sizes (2 contracts), or the test below would prove nothing
  ok   a cap of 2 x size refuses the next fill while a straggler from the previous close is STILL OPEN, which is why --max-positions must leave room for one (open cap: 2 contracts held >= 2 (2 x size 1))
  ok   and a cap of 3 x size lets that fill through -- the live setting
  ok   2 losses does NOT halt a run whose brake is 3
  ok   3 losses DOES halt it, on COUNT and not on dollars (loss COUNT brake: 3 losing trades this run >= 3; stop and re-measure the flip rate)
  ok   and max_losses=0 DISABLES it -- the null, so the brake cannot fire on a run that never asked for it
  ok   the DECLARED depth floor is a fraction (0.5)
  ok   and the running floor sits in [0, 0.5] -- zero means MIN_LEVEL is the only floor, which is the operator's 'no 10%' (running 0.0)
  ok   a deep book fills the whole size we asked for
  ok   a 7-contract offer at size 10 is TAKEN as a partial, not thrown away -- the old dust gate refused it outright
  ok   at the DECLARED floor of half, a 4-contract scrap at size 10 is refused -- the behaviour AMENDMENT 6 shipped
  ok   and at a floor of 0.10 the same scrap is TAKEN, which is what AMENDMENT 28 puts in a what-if: the same bet at the same gate, on fewer contracts
  ok   sub-contract dust is refused at EVERY floor -- MIN_LEVEL is the backstop and --min-fill-frac cannot get underneath it
  ok   a partial can only ever LOWER the contracts bought, never raise them, so this amendment cannot increase exposure
  ok   a filled buy books a slot and sets the improve bar
  ok   a second fill books the second slot and LOWERS the bar to the better price
  ok   and 2 FILLS still exhaust the close -- max exposure is UNCHANGED by this amendment, only wasted attempts are recovered
  ok   a market that already filled 2x is refused a repeat -- this is what turned one bad NEAR close into -$52.60
  ok   but a DIFFERENT market on the same close is still allowed, because MAX_PER_CLOSE governs that and rho ~ 0.8 is not rho = 1
  ok   and the first fill of a close is never blocked
  ok   one market can never stake more than the whole close is allowed to
  ok   A13 does not change the worst CLOSE ($2.00); it changes how much of it one market may be -- $2.00 instead of all of it
  ok   STRUCTURAL: the live slot is booked AFTER the order returns, so a zero-fill cannot burn it
  ok   and it is booked only inside the filled>0 branch
  ok   STRUCTURAL: the slot is booked only when the FILL is at least half our size; a scrap keeps its position and spends no slot
  ok   and a scrap is recorded, not silent
  ok   under CLOSE_BUDGET a scrap must book its CONTRACTS -- they are real exposure however small -- while still not raising the improve bar, which is the only thing A12's exemption was actually protecting
  ok   STRUCTURAL: scraps ACCUMULATE and spend a slot once they add up to a real fill -- without this, 8 scraps of 9.99 would double the worst-case close from $39.20 to $78.32
  ok   eight 0.02-contract crumbs spend NO slot (0.16 of 10) -- the case A12 exists for
  ok   scraps of 9.99: at most 19.98 contracts fill in one close, against the intended 40 -- bounded
  ok   scraps of 5: at most 10.00 contracts fill in one close, against the intended 40 -- bounded
  ok   scraps of 2: at most 4.00 contracts fill in one close, against the intended 40 -- bounded
  ok   scraps of 0.5: at most 2.00 contracts fill in one close, against the intended 40 -- bounded
  ok   within the 24-attempt cap, 0.02 crumbs spend no slot at all -- the case A12 exists for
  ok   while near-full scraps exhaust the slots inside the same cap
  ok   at size 20 the real-fill line is 10: the 2.0 and 0.02 fills of 2026-09-11 07:00 ET are scraps, a 10 is a fill
  ok   take() is called with take_n, the contracts actually available, not the raw SIZE
  ok   an EMPTY close reports NO depth rather than a zero -- a close where nothing was offered must not look like a close offering 0 contracts
  ok   depth percentiles come back sorted (median 30.0)
  ok   the size ladder counts moments that SURVIVE each size (4 at 5, 2 at 125)
  ok   at size 1 every offered moment survives -- the ladder's own null
  ok   a single 7-contract offer survives at size 5 but NOT at size 10, which is exactly the opportunity cost of scaling
  ok   EV is ~zero exactly at p = 1 - flip = 0.9910 (got -0.070c)
  ok   a trade at 99.6c is NEGATIVE EV (-0.53c) -- matches the 2026-09-08 live trades
  ok   a trade at 99.3c is NEGATIVE EV (-0.25c) -- matches the 2026-09-08 live trades
  ok   a trade at 99.2c is NEGATIVE EV (-0.16c) -- matches the 2026-09-08 live trades
  ok   a trade at 99.1c is NEGATIVE EV (-0.07c) -- matches the 2026-09-08 live trades
  ok   a trade at 97.9c is positive EV (+1.05c) -- matches the 2026-09-08 live trades
  ok   a trade at 94.7c is positive EV (+4.04c) -- matches the 2026-09-08 live trades
  ok   the EV floor puts the price ceiling between 98c and 99c
  ok   a higher flip rate makes even 95c negative (the gate tracks f)
  ok   net edge subtracts the taker fee (0.430c at p=0.99)
  ok   billed fee at p=0.95 is $0.0034, not the raw $0.003325 (0.0034)
  ok   the billed fee is never below the raw formula (conservative)
  ok   the billed fee on 0.01 contracts is the $0.0001 floor (0.0001)
  ok   at --size 0.01 a 0.9c gross edge is NEGATIVE once the order's own fee is charged (-0.100c), where the one-contract fee would have called it +0.83c
  ok   edge sign behaves at the boundary
  ok   NO-side edge is (1-fair) - price - fee
  ok   YES take is a bid at the seen price (bid 0.9910)
  ok   NO take at 0.989 is an ask at 0.0110 = the yes bid we hit (ask 0.0110)
  ok   a NO take at 0.989 costs $0.989, not $0.011 ($0.9890)
  ok   both bodies have post_only False -- pin must cross, never rest
  ok   tif never rests (immediate_or_cancel)
  ok   stale index reports its age (31s)
  ok   on_frame parses a real cfbenchmarks_value frame
  ok   junk and off-channel frames are counted, not fatal
  ok   pintake ledger has the key the abort reads: 'halt'
  ok   pintake ledger has the key the abort reads: 'realised'
  ok   pintake ledger has the key the abort reads: 'committed'
  ok   pintake ledger has the key the abort reads: 'positions'
  ok   every ledger key the abort reads exists (['committed', 'halt', 'losses', 'realised'])
  ok   abort fires on realised -3.00 vs limit -2.00 (loss abort: realised $-3.00 <= $-2.00)
  ok   abort fires at the stake cap (stake cap reached: $60.00 committed)
  ok   abort fires on a pintake halt (pintake halted: unknown order state)
  ok   PAUSE (clears when positions settle): position cap: 3 open >= 3
  ok   PAUSE (clears when positions settle): loss bound: realised $+0.78 with $40.89 still 
  ok   PAUSE (clears when positions settle): stake cap reached: $60.00 committed
  ok   HALT (needs a human): already halted
  ok   HALT (needs a human): pintake halted: unknown order state
  ok   HALT (needs a human): loss abort: realised $-61.00 <= $-60.00
  ok   HALT (needs a human): loss COUNT brake: 3 losing trades this run >= 
  ok   HALT (needs a human): 2 errors on the ORDER path
  ok   HALT (needs a human): 5 consecutive errors
  ok   no halt at all is not a transient halt
  ok   the 02:00 halt that cost 23 minutes would now PAUSE
  ok   and so would the 03:29 one
  ok   the pause branch never sets state['halted'] -- that would be a terminal answer to a temporary question
  ok   and it continues the loop, so reconcile() keeps releasing the positions it is waiting on
  ok   before any hedge fill, the amount to hedge is the full original size, read from open_pos
  ok   AFTER a partial hedge fill, open_pos['orig'] is UNCHANGED -- still 11.0, the true size reconcile() must settle and feed to the loss brake, not the 10.0 the old code would have written there
  ok   the REMAINING-TO-HEDGE tracker, separately, correctly says 10 left
  ok   the second attempt reads the remaining amount (10), not the original (11) and not a re-read of a shrunk open_pos
  ok   once the remaining amount is fully filled, the tracker is cleared
  ok   and open_pos still reads 11.0 at the end -- reconcile() settles the true position size no matter how many hedge attempts it took
  ok   the live event hid $0.9646 of real loss from the ledger the loss-abort brake reads -- small tonight, same mechanism the brake depends on
  ok   A49 ships with a 90c floor on the EARLY leg, asserted against the DECLARED default so an arm that sets the flag does not fail it
  ok   the loop refuses a cheap EARLY ask and logs it under its own gate name, so the cost of the floor is measurable rather than invisible
  ok   and it is checked before the size floor, so a cheap early ask is refused for being CHEAP rather than for being small
  ok   A51 ships OFF, asserted against the DECLARED default so an arm that sets the flag does not fail its own self-test
  ok   with the filter OFF nothing is refused, so a bot that never passes the flag behaves exactly as it did before
  ok   the other side at PIN confidence and a 90c ask is a normal bet and insurance fires
  ok   the model merely LEANING the other way is refused -- that is the 10-18c case, where the market still liked our side and we paid a premium for nothing five times in twelve
  ok   certain but too EXPENSIVE is refused: above the 98c ceiling the other side returns almost nothing and cannot offset anything
  ok   NULL: an unreadable belief or ask refuses rather than firing insurance on a number nobody has
  ok   the loop asks it before buying insurance and logs the wait under its own name, so what the filter costs is measurable
  ok   ...and it is asked BEFORE the under-a-dollar check, so a refusal is recorded as 'not a normal bet' rather than as a pricing failure
  ok   A52 ships OFF, asserted against the DECLARED default so an arm that sets --hedge-jump does not fail its own self-test
  ok   since-entry moves against a NO holder read the largest UP move in sigma (6.0), and against a YES holder the largest DOWN move (2.0) -- the sign is the entry gate's, which was once backwards and reported the dangerous bucket as safest
  ok   a series that only ever moved FOR a NO holder reads negative, so no threshold above zero can fire on it
  ok   NULL: no moves, or no sigma, is None -- never a fabricated zero that reads as 'calm'
  ok   the loop asks the JUMP before the belief, because the jump is the earlier signal -- belief only falls after the price has moved
  ok   and every alarm records WHICH reason fired and the jump size, so the two triggers can be scored against each other on the same alarms
  ok   every ENTRY position records when it was entered beside the position itself (open_pos[_poid] =) -- without it the trigger would measure the last three seconds, not the time since entry
  ok   every ENTRY position records when it was entered beside the position itself (open_pos[f"paper-{tk}-{now_s}"] =) -- without it the trigger would measure the last three seconds, not the time since entry
  ok   every ENTRY position records when it was entered beside the position itself (open_pos[_oid_new] =) -- without it the trigger would measure the last three seconds, not the time since entry
  ok   and the lookback is capped at a minute, so a position held from 45 s cannot ask the feed for more than it holds
  ok   the SHIPPED bet is the bank divided by about 8 (got 7.997) -- set 2026-09-18 on the operator's word 'Sure divide by 8'. The RUNNING divisor moves with --bank-brake and --extra-coin and is reported in the start record; only the shipped default is asserted here
  ok   the DECLARED ceiling is still 98c; the live 99c comes from the --price-ceiling flag and is asserted in VERSIONS.md, not here
  ok   so an $800 bank asks for 100 contracts -- derived from the running brake and ceiling, not a literal, against the 136 the old setting asked for
  ok   A50 ships OFF, so adding it changed nothing about the live bot -- asserted against the DECLARED default, not the running value, so an arm that sets the flag does not fail its own self-test
  ok   the loop asks the PREDICATE and logs the refusal under its own gate name, so what the cap costs us is measurable
  ok   A50: a 5c edge on an EARLY leg is over a 3c cap and is refused
  ok   ...a 2c edge on an early leg is under the cap and passes
  ok   A WIDE EDGE ON A full LEG IS NEVER REFUSED. Inside 30 s a wide edge is the most profitable thing the bot does (+1.44 $/bet on the tape, +3.08 live); the broken inline version refused it at every tau from 07:0xZ on 2026-09-18 and cost the day's cheap fills
  ok   A WIDE EDGE ON A topup LEG IS NEVER REFUSED. Inside 30 s a wide edge is the most profitable thing the bot does (+1.44 $/bet on the tape, +3.08 live); the broken inline version refused it at every tau from 07:0xZ on 2026-09-18 and cost the day's cheap fills
  ok   A WIDE EDGE ON A None LEG IS NEVER REFUSED. Inside 30 s a wide edge is the most profitable thing the bot does (+1.44 $/bet on the tape, +3.08 live); the broken inline version refused it at every tau from 07:0xZ on 2026-09-18 and cost the day's cheap fills
  ok   NULL: cap=None means A50 is OFF and nothing is refused -- and it must NOT fall through to the running global, which is why the cap argument has its own not-supplied sentinel
  ok   ...while OMITTING the cap uses whatever is running, so the loop's own call is tested against the live setting either way
  ok   NULL: an unreadable edge passes rather than refusing a trade on a number nobody has
  ok   it applies ONLY to the early leg -- a full bet inside TAU_MAX is untouched, which is the whole point of a staged entry
  ok   A48 ships OFF -- the DECLARED defaults, not the running values, so an arm that sets the flags does not fail its own gate
  ok   A48 reuses A45's drawdown headroom: it can never stake more than a total loss the brake could absorb
  ok   NULL: an unknown bank or high-water mark means A48 does NOTHING, so a failed balance read cannot size us up
  ok   and the headroom, not the multiplier, is what binds when the bank has fallen toward the brake
  ok   A48 runs on BOTH the paper and the live path, or the arm measures something the bot does not do -- the A45 bug, repeated
  ok   ...and in the right order: A35 sizes, A45 widens, A48 widens late, A46 re-caps an early leg last
  ok   A53 ships with no band skipped and no band boosted -- the DECLARED defaults, so an arm that sets either flag does not fail its gate
  ok   a band is closed at the bottom and open at the top: 94.0c is refused, 96.0c is not -- the same half-open rule every price bucket in the attribution uses, so the two can never disagree about which side of 96c a fill sits
  ok   NULL: no bands, no price, or garbage refuses nothing -- a bad reading must not turn into a refusal of every trade
  ok   the multiple is the LARGEST band that matches (2.0 at 92c where two overlap), and 1.0 outside every band
  ok   NULL: no bands, no price, or a multiple UNDER one all give 1.0 -- this flag can only add; it can never quietly shrink a bet
  ok   the order path's count cap is raised to the largest multiple, and to nothing when the flag is off
  ok   without the band the sweep from 93c walks well past 94c (to 0.980) -- the case the next check needs to be a real one
  ok   with 94-96c skipped the limit sent from a 93c ask stops UNDER 94c (0.939): an IOC at 96c would have filled inside the very band the gate refuses, so the sweep is bounded where the gate is
  ok   an early leg scaled by a x2 band keeps a 120-contract order; at x1 the same order is capped to SIZE -- without this the A46 re-cap quietly undid every boost on the 45 s leg
  ok   and the top-up completes the position to SIZE x mult, not to SIZE
  ok   A53 runs on BOTH the paper and the live path (the A45 bug)
  ok   ...after A48 and before the A46 re-cap, on the live path
  ok   ...and the same order on the paper path
  ok   the A46 re-cap reads the band multiple AND the late multiple, or it undoes the boost -- a top-up entered outside the late window could never be boosted inside it, which is exactly the trade the operator asked about
  ok   holding 60 of an 80-contract bet, a top-up at 8 s could add only 20 more; with the late multiple counted it may add 60. That gap is why no market has EVER been bought outside 10 s and again inside it in 547 fills
  ok   a skipped band is refused under its own gate name BEFORE the signal is recorded, so the cost of the skip is scorable and a refusal never reads as a lost race
  ok   and after the early-leg gates, so a cheap early ask is refused for being cheap rather than for its band
  ok   pintake's per-order count cap admits the band multiple AND the late multiple, at live start and at every autosize -- the live path would otherwise refuse the wider order the paper path books
  ok   the start record carries both band lists, so the Lab can tell one band arm from another (the A47/A48/A49 blank-tab lesson)
  ok   A55 ships with BOTH conditions off -- the DECLARED defaults, so A48 without them behaves exactly as the paper arm that earned the deployment
  ok   the extra contracts need MORE confidence than an ordinary bet: 99.90% passes a 99.9% bar and 99.80% does not, while the ordinary bet at 99.5% is untouched either way
  ok   a 4-sigma one-second move AGAINST us blocks the extra contracts at a 4-sigma bar -- 'if it looks like it is going to a loss do not buy the extra' -- and a 2-sigma wobble does not
  ok   NULL: a jump we CANNOT measure blocks the boost once a bar is set. An unmeasurable guard must fail closed; the ordinary bet still goes through at its own gate
  ok   NULL: with no bars set nothing is blocked, which is A48 as it was measured
  ok   NULL: an unreadable confidence blocks the extra contracts
  ok   BOTH bars refuse to start unless they are TIGHTER than the gate that already let the trade through -- a --late-jump of 4 against a 3-sigma jump gate, or a --late-pin at the ordinary 0.995, could never refuse anything and would read as a safeguard while doing nothing
  ok   the boost is gated through late_boost_ok and its refusal is recorded as `late_refused`, NOT as a gate -- the trade still happens at the ordinary size, so counting it as a refusal would overstate what the condition costs
  ok   ...and that record exists
  ok   confidence is read for the side we are BUYING -- f for YES and 1-f for NO. The mirror error here would hold the safest NO bets to the bar meant for the riskiest
  ok   one late-boosted loss switches --late-mult off for the rest of the run, so 'cut at first loss' is enforced by the bot
  ok   ...the pair is marked where the order is widened, from a set the loop declares
  ok   ...and the switch sits INSIDE the loss branch of settlement, so a win can never trip it
  ok   the order path still admits the late multiple at live start and at every autosize
  ok   A56 ships OFF -- the DECLARED default, so an arm that sets the flag does not fail its own gate
  ok   a ticker's COIN is the part before 15M -- the extra allowance is per coin, and two closes of the same coin are not two coins
  ok   with two coins already held, a THIRD coin gets one extra bet of budget -- which is the operator's rule exactly: 'allow extra total size if it comes in the way of an extra coin after two have been maxed out'
  ok   ...but a coin we ALREADY hold gets nothing extra. The whole argument is that two COINS have never lost together; topping up the first coin adds a second bet on it, not a second coin
  ok   A61: a NEW coin gets the allowance even when only ONE coin is held. A close spends its budget in CONTRACTS -- one market taking two bets exhausts it -- and 282 of our 417 closes hold exactly one coin, so the old coin-count test disabled the allowance in 68% of closes and blocked 97 of the 126 markets refused inside the last ten seconds
  ok   NULL: an empty close gets the base budget
  ok   and the worst close GROWS by exactly one bet when the flag is on. Every rail reads worst_close_cost -- the bank brake, the loss abort, the stake cap -- so the extra coin is paid for in the size, not discovered in a drawdown
  ok   ...and the sizer still answers with the flag off
  ok   NULL: extra=0 is the shipped behaviour on every path
  ok   A59 ships OFF -- the DECLARED default
  ok   inside the last 10 s a close may spend one extra bet EVEN ON A COIN IT ALREADY HOLDS -- that is the whole point: we buy at 97.8c out at 40 s and the 94.8c price arrives at 6 s with the budget already spent
  ok   ...and outside the window nothing is added
  ok   the extra BUDGET may reach 15 s while the 1.5x BOOST stays at 10 -- one is permission to spend money the close already had, the other is extra risk, and sharing one number left the 11-15 s band out (38% of all close_budget refusals)
  ok   so a market at 13 s now gets the extra bet
  ok   and one at 16 s still does not
  ok   NULL: unset means the boost window, which is the shipped behaviour
  ok   NULL: an unknown second adds nothing -- a path that does not know the time must not buy itself an allowance
  ok   and the worst close grows by exactly one bet, so the bank brake, the loss abort and the stake cap all read it
  ok   a LIVE run refuses it outright -- third size increase in a day
  ok   and it refuses without a late window, rather than sitting in the start record doing nothing
  ok   the close_budget gate records tau=tau
  ok   the close_budget gate records size=float(SIZE)
  ok   and it does NOT record want=want: this gate fires BEFORE the book is read, so those names hold a STALE value from an earlier market or None. Logging them killed the live bot on 2026-09-19 at 01:59Z with a TypeError on round(None)
  ok   and it does NOT record price=round(price: this gate fires BEFORE the book is read, so those names hold a STALE value from an earlier market or None. Logging them killed the live bot on 2026-09-19 at 01:59Z with a TypeError on round(None)
  ok   and it does NOT record fair=round(f: this gate fires BEFORE the book is read, so those names hold a STALE value from an earlier market or None. Logging them killed the live bot on 2026-09-19 at 01:59Z with a TypeError on round(None)
  ok   with BOTH allowances on, a held coin in the last seconds gets ONE extra bet
  ok   ...and a NEW coin in the last seconds gets ONE extra bet, not two. Summing them would put the worst close at four bets and cut the bet size a quarter to pay for a case that has never happened
  ok   and the worst close is THREE bets, not four -- the rails take the max of the two allowances, exactly as the budget does
  ok   A65 ships with no cap
  ok   with no cap the abort is the derived band, -2 x SIZE x MAX_PER_CLOSE -- at 105 contracts that is -$420, which is what the live bot had reached after the deposit
  ok   a $200 cap binds there, because the cap is TIGHTER
  ok   and at a small size the BAND binds instead -- the cap can only ever reduce what a run may lose, never raise it
  ok   the sign of the cap is ignored: it is a magnitude, and a stray minus must not turn a cap into a licence
  ok   NULL: an unreadable cap falls back to the derived band rather than to no limit at all
  ok   the autosize path uses it, so the cap is re-applied EVERY time the bank moves -- a cap applied once at start-up is undone by the next autosize, which is exactly how the old one-way ratchet let the stop follow the bank up and never come back down
  ok   --sigma-stress multiplies sigma at sg, so the flag moves the WHOLE model and not one corner of it
  ok   --sigma-stress multiplies sigma at _hsg, so the flag moves the WHOLE model and not one corner of it
  ok   and a LIVE run refuses a value under 1.0: every live number we have was measured at 1.0, and a bolder model is not a safer one
  ok   every settled record carries ONE PLAIN SENTENCE saying whether the last-seconds boost fired and why -- the operator asked to be able to ask that of any trade without a log dive
  ok   ...and the reason distinguishes 'off: --late-mult' from the others -- a single 'no' would not answer the question
  ok   ...and the reason distinguishes 'no: bought at' from the others -- a single 'no' would not answer the question
  ok   ...and the reason distinguishes 'no: confidence' from the others -- a single 'no' would not answer the question
  ok   ...and the reason distinguishes 'sigma move against us' from the others -- a single 'no' would not answer the question
  ok   ...and the reason distinguishes 'no: allowed, but nothing to add' from the others -- a single 'no' would not answer the question
  ok   ...and the reason distinguishes 'FIRED:' from the others -- a single 'no' would not answer the question
  ok   NULL: a trade that never reached the check says so, rather than borrowing another trade's reason or reading as a refusal
  ok   A54 ships OFF -- the DECLARED default, so an arm that sets the flag does not fail its own gate
  ok   a bet opened at 50 s that flips at 20 s buys DOUBLE the other side -- the 20-second look has half the settlement window on disk and the 50-second look had none of it
  ok   a bet opened INSIDE the window gets the ordinary equal hedge, however far it later falls: it was already made on the better information, so a later disagreement is not a second opinion
  ok   and a flip that happens while still OUTSIDE the window is also an ordinary hedge -- the rule is early-then-late, not early-then-anything
  ok   NULL: with the flag off the size is untouched on every path
  ok   NULL: an unknown entry or current second falls back to the equal hedge rather than guessing a multiple
  ok   NULL: an unreadable position size is zero, never a multiple of nothing
  ok   the hedge block sizes through flip_size, so the flag reaches the only place it can act
  ok   ...before the ask-size cap, so the book still bounds what we ask
  ok   pintake's per-order count cap admits the flip multiple at live start and at every autosize -- otherwise the wider hedge is refused on the wire while paper books it
  ok   and a LIVE run refuses the flag outright: this is a bet on the later look, and no measurement supports it yet
  ok   a boosted loss switches --band-mult OFF for the rest of the run and says so in the log -- the bar enforces itself
  ok   ...the pair is marked where the order is widened, and the switch sits inside the LOSS branch of settlement -- the nearest `if not won:` above it is closer than any earlier settled record, so a win can never trip it
  ok   ...and before the settled record is written, so the record that carries the loss is preceded by the record that says what it did
  ok   and the set is declared before the switch reads it
  ok   A63 ships OFF
  ok   A63: naked, the BNB close risked $56.98
  ok   ...a BALANCED hedge at 21c turns that into a LOCKED +$3.06, which is A62's whole job and why A62 is live
  ok   ...but buying the remaining 138 of budget as MORE NO takes the worst case to -134.67. Past the other side's count `min(y,n)` stops rising, so every extra contract is naked. THE WITHDRAWN COMMENT SAID THIS COULD NOT HAPPEN
  ok   ...and the best case only improves to +$3.33 -- $138 more at risk to win 27 cents, which is the opposite of the trade
  ok   ...and the OTHER half of the withdrawn claim is false too: the hedge path never calls _note_fill, so hedge contracts do NOT consume the close budget and the whole budget is still free
  ok   holding YES and having HEDGED into NO, more NO is allowed: on the margin one more NO pays (1-price) if NO lands and costs `price` if it does not, which is EXACTLY a fresh bet on NO. Live 2026-09-19 01:44:52 this gate refused NO at 99.865% confidence on the close that lost $57.98
  ok   ...but if we hedged into YES, more NO is still refused -- that is averaging into the side the model has given up on
  ok   NULL: a market we never hedged is unchanged. A8 exists to stop us opening both sides BY ACCIDENT, and that still holds
  ok   and with the flag OFF nothing changes at all
  ok   A66: the self-test writes to a SANDBOX, not to the real mirror every paper arm reads
  ok   A66 NULL: no mirror file means no size change -- an arm keeps its --size, which is exactly the behaviour that shipped before, so a missing file can never produce a wild bet
  ok   A66: live publishes its size and an arm reads it back
  ok   A66 NULL: a STALE mirror is ignored -- if the live bot has been down an hour its last size must not keep pinning 43 arms
  ok   A66 NULL: unreadable file -> None
  ok   A66 NULL: a malformed mirror ({'size': 0, 'epoch': 1789820533.90) reads as None, never as a size
  ok   A66 NULL: a malformed mirror ({'size': -5, 'epoch': 1789820533.9) reads as None, never as a size
  ok   A66 NULL: a malformed mirror ({'size': 'x', 'epoch': 1789820533.) reads as None, never as a size
  ok   A66 NULL: a malformed mirror ({'size': 20}) reads as None, never as a size
  ok   A66 NULL: a malformed mirror ([1, 2, 3]) reads as None, never as a size
  pintake rails raised: HARD_MAX 25 -> 327; MAX_TAKE_COUNT 10 -> 218; LOSS_ABORT $-2.00 -> $-436.00; MAX_RUN_STAKE $60.00 -> $664.00  (auto-size 1 -> 109: mirroring live size 109)
  ok   A66: a PAPER arm moved 20 -> 109 to match live, through the same call the trade loop makes (no injected bank reader). Every arm has been pinned at 20 since 2026-09-14 because read_bank() needs a key paper has not got
  ok   ...and it says so in the autosize message
  ok   ...and when the file goes away the arm HOLDS its size and counts the miss, rather than falling back to a bank read it cannot do
  ok   A66 ships ON: the whole point is that an arm is proportional unless it is deliberately testing a size
  ok   ...and the mirror is read BEFORE the bank, because the bank read is the line that has been silently returning None in every arm
  ok   the loop remembers which side each hedge went INTO -- without it the rule cannot tell the side we escaped to from the one we fled
  ok   ...and the gate is asked with it
  ok   A8: holding YES and now wanting NO on the SAME market is blocked -- the two legs pay $1 between them and cost more than that
  ok   ...but wanting the SAME side is a TOP-UP and must pass. The old misplaced test blocked ~94% of these by comparing against whatever the previous market in the scan happened to want
  ok   NULL: a different market is not blocked by this one's position
  ok   NULL: no previous state, no sides map, or no side wanted -> no block
  ok   and the trade loop calls it AFTER `want` is assigned -- the entire bug was that this test ran 143 lines too early
  ok   ...and it is passed the side we hedged INTO (A63), or more of the side the model now prefers stays refused
  ok   A47: we buy the opposite side at 60c, so OUR side is at 40c and the hedge fires; at an opposite ask of 40c our side is 60c and it waits
  ok   exactly 50c on our side does NOT fire -- the wobble table's own boundary is 'below 50c', and 48 of 48 dips at or above it recovered
  ok   the one WASTED live hedge under today's gate bought at 15c with our side still at 85c, and cost $13.83; A47 would have waited
  ok   ...and every hedge that was NEEDED at our side under 50c still fires
  ok   SHIPPED DEFAULT: at the DECLARED default nothing is filtered, so the live bot's behaviour is exactly what it was. Asserted against _DEFAULT_HEDGE_PRICE, never the running value -- an arm that sets the flag must not fail the gate that describes the shipped bot
  ok   NULL: an unparseable ask does not hedge on a guess
  ok   A47 is checked in the trade loop BEFORE the hedge reaches the wire
  ok   a price-wait does NOT retire the position: the price can still fall inside this close, and then we hedge
  ok   and A62 sits in front of it: below HEDGE_PANIC belief the market-agreement test is bypassed entirely
  ok   the SHIPPED value of HEDGE_PRICE is None -- A47 is opt-in
  ok   if restart_bot.ps1 passes --hedge-price, VERSIONS.md names it -- a live flag with no entry is the lapse versioncheck exists for
  ok   the hedge keeps trying for at least 30 seconds. At five it gave up on the BNB close with eighteen seconds left and the position naked; hedge_ask_ok already refuses a leg that cannot help
  ok   the DECLARED panic threshold is 40% belief -- asserted against the default so an arm that moves it does not fail its own gate
  ok   at 22.7% belief -- the BNB close that lost $57.98 on 2026-09-19 -- every filter is bypassed, and the threshold itself panics
  ok   and so do the 24.3% and 21.4% hedges, the two biggest helpers we have on record (+$8.29 and +$24.18)
  ok   the ONE hedge that ever hurt sat at 48.5% belief and was bought at 15c -- above the panic line, where --hedge-price still refuses it. That is the whole reason the line is not simply the trigger
  ok   and a shallow dip does not panic
  ok   NULL: an unmeasurable belief is NOT a panic -- it must not trigger the one path that ignores every other safeguard
  ok   NULL: with the bypass disabled nothing panics, whatever belief is
  ok   NULL: garbage does not panic
  ok   in a panic the loop bypasses this filter: if not _panic and not hedge_price_ok(_ask):
  ok   in a panic the loop bypasses this filter: if not _panic and not hedge_normal_ok(_belief, _ask):
  ok   in a panic the loop bypasses this filter: if _tries + 1 > HEDGE_MAX_TRIES and not hedge_panic(_belief):
  ok   ...and the per-close attempt cap too -- it stranded the BNB position after five seconds while the other side went 21c to 76c
  ok   and a panic says so in the log, with what it bypassed
  ok   the panic is decided BEFORE the first filter that could block it
  ok   belief below the 0.60 gate fires the hedge
  ok   belief at or above the gate does not
  ok   no belief at all never fires -- a missing number is not a collapse
  ok   and the threshold is a parameter, so the holdout can sweep it
  ok   at the DECLARED 0.80 trigger the real NEAR tau16 collapse (40.6%) fires
  ok   at the DECLARED 0.80 trigger the real BNB tau24 collapse (46.3%) fires
  ok   at the DECLARED 0.80 trigger the real SOL-08:00 tau15 collapse (0.1%) fires
  ok   the SOL-08:00 collapse to 0.05% fires even at a 0.10 trigger -- a late trigger gives up none of the real rescues
  ok   while a shallow drop to 40.6% does NOT, which is the point: 37 of the 38 false alarms at 0.90 look like that one
  ok   and the SOL-08:00 tau-16 reading (83.7%) does NOT fire at 0.80 -- the alarm comes one second later on that collapse, by design
  ok   and the SOL-08:00 ENTRY belief (99.76%) does not -- we hedge the collapse, not the buy
  ok   hedging 96c NO with 35c YES pays 131c for $1 -- a 31c loss that BEATS the 96c from holding: allowed
  ok   65c and 99c legs are allowed too -- any ask under $1 shrinks the loss
  ok   a $1.00 leg locks exactly the unhedged loss: REFUSED, and the fee makes it worse
  ok   zero and negative asks are not prices
  ok   garbage inputs refuse rather than pass
  ok   the EV diagnostic reads (1-belief)-ask: +5c when the market lags the collapse, -5c when we pay for variance reduction
  ok   NEAR hedged at 35c locks -$6.24 on 20 contracts instead of -$19.24
  ok   BNB hedged at 55c locks -$9.80 instead of -$18.80
  ok   at entry 0.900: a $1.00 leg locks exactly the unhedged loss and is refused; a 99c leg locks less and is allowed
  ok   at entry 0.960: a $1.00 leg locks exactly the unhedged loss and is refused; a 99c leg locks less and is allowed
  ok   at entry 0.979: a $1.00 leg locks exactly the unhedged loss and is refused; a 99c leg locks less and is allowed
  ok   the hedge pass never calls _book_slot -- so A8 still blocks any later ENTRY on the opposite side
  ok   and it calls hedge_ask_ok before every order
  ok   and places the hedge through the same take() path as every fill
  ok   every alarm, missing ask and refusal is recorded -- silence is not an outcome
  ok   retries are paced to ONE PER SECOND -- the first live alarm burned all five in ~250 ms and gave up inside the alarm second
  ok   retries are bounded (30) and cannot outlive a close -- a runaway on the hedge path would be the 160-order incident again, and the one-per-second pacing above is what actually prevents it
  ok   abort fires FORWARD: $1.20 open plus one more contract would pass -$2.00 (loss bound: realised $+0.00 with $1.20 still open; one more contract could take this run past $-2.00)
  ok   $0.90 open still leaves room for one more contract (None)
  ok   abort fires on order-path errors, which the universe pass cannot reset (2 errors on the ORDER path)
  ok   a settled position releases its FULL stake at size 1 (committed 0.0000, was 0.9750)
  ok   a settled position releases its FULL stake at size 5 (committed 0.0000, was 4.8750)
  ok   a settled position releases its FULL stake at size 8 (committed 0.0000, was 7.8000)
  ok   a settled position releases its FULL stake at size 10 (committed 0.0000, was 9.7500)
  ok   a settled position releases its FULL stake at size 25 (committed 0.0000, was 24.3750)
  ok   and releasing only ONE contract at size 5 LEAKS $3.9000 -- the bug this test now catches, stated as a positive so it cannot pass vacuously
  ok   P&L is booked to realised, which the abort reads
  ok   every exit path releases the stake -- finalized, both give-ups, and the definition (4 references)
  ok   pintake ships a size-1 loss abort of $-2.00
  ok   ONE ordinary loss at size 5 is $-4.88, which is past that default -- so an unraised order path dies on the first loss
  pintake rails raised: LOSS_ABORT $-2.00 -> $-30.00  (selftest)
  ok   set_limits LOOSENS the order-path brake to match the run's own
  ok   and it REFUSES to tighten -- a hidden brake tighter than the operator's is not a brake, it is an outage
  ok   risk_abort() runs before the first `continue` in the loop
  ok   no direct send path in this file (found [])
  ok   take() is called with the market's exchange_index, not the default 0
  ok   exchange_index is read from the market record in the universe pass
  ok   zrough is ~1.0 on a feed whose roughness never changes (got 0.98)
  ok   a calm board reads X~0.92 with 0 coins moving
  ok   coin A's OWN volatility spike leaves A's cross index EXACTLY unchanged -- otherwise this is the refuted own-sigma filter under a new name
  ok   but A's OWN roughness does spike (10.9 vs 0.98)
  ok   and B DOES see it: X 0.92 -> 2.34, 1 coin(s) moving
  ok   tick retention (4000) covers the 3600s baseline the ratio is divided by
  ok   a revised print does not change how many seconds we hold, so (newest, count) alone cannot detect it
  ok   and it STILL busts the cache -- a revised print must not be served stale from a conditions read
  ok   while an identical duplicate does NOT bust it -- otherwise every repeated frame recomputes a 3600-second window on the order path
  ok   and the signal record actually carries the conditions columns
  ok   a 15c discount is >10x the 0.3c edge floor, so the honest edge can never trip it
  ok   XRP 04:59Z (fair 1.0, filled 82c, 18c disc, LOST -$16.61) refused
  ok   DOGE 22:14Z (fair 0.0, filled 10c, 90c disc, LOST -$2.12) refused
  ok   SOL 2026-09-11 12:30Z (99.508% sure, filled 59.1c, 40.4c disc, LOST -$12.16) IS refused now -- the 0.999 condition let it through
  ok   NEAR 09-09 (99.827% sure, 73c, 26.8c disc, LOST -$14.13) refused
  ok   BNB 89c (10.7c disc, WON +$2.06) is NOT refused -- the 5-15c band went 24-0 for +$32.20 and refusing it was the guard's worst error
  ok   SOL 91.9c (8.1c disc, WON) passes
  ok   a certainty at 97.8c (2.2c discount, WON) passes -- the normal edge
  ok   and a boundary fill at the ceiling passes untouched
  ok   the guard is wired into the trade loop and counted in the near-miss record, so refusals are visible rather than silent
  ok   AMENDMENT 10b: the guard is ON by operator decision (undeterminable EV, owner chose fewer losses); would-be outcomes are recorded
  ok   every refusal writes ONE `dumped` record per (close, market) with side, price, fair and tau, so the would-be P&L can be resolved later
  ok   and the record is written before the enable check, whether or not the trade is refused
  ok   and the count happens BEFORE the enable check, so the class is recorded whether or not it is refused
  ok   worst_close_cost(20) must be (MAX_PER_CLOSE + EXTRA_COIN + LATE_EXTRA) x 20 x PRICE_CEILING = 39.2, got 39.2. A56 added a third coin's worth of exposure and every rail reads this number, so leaving EXTRA_COIN out here would size the brake against a bet nobody places
  ok   and the DECLARED ceiling is 98c -- asserted separately, so a flag that moves the running value cannot silently move the bar too
  ok   worst_close_cost must be EXACTLY linear in size -- that is the whole reason it replaced a sampled maximum, which was not
  ok   $192.15 / $8.00 (BANK_BRAKE 4.08 x (MAX_PER_CLOSE 2 + EXTRA_COIN 0.0 + LATE_EXTRA 0.0) x ceiling 0.98) = 24, got 24
  ok   an empty or unreadable bank must fall to the floor, never to 0
  ok   the cap must bind, got 250
  ok   size_for_bank fell from -1 to 1 at bank $10 -- more money can never permit less
  ok   size_for_bank fell from 1 to 6 at bank $50 -- more money can never permit less
  ok   size_for_bank fell from 6 to 12 at bank $100 -- more money can never permit less
  ok   size_for_bank fell from 12 to 25 at bank $200 -- more money can never permit less
  ok   size_for_bank fell from 25 to 50 at bank $400 -- more money can never permit less
  ok   size_for_bank fell from 50 to 100 at bank $800 -- more money can never permit less
  ok   size_for_bank fell from 100 to 200 at bank $1600 -- more money can never permit less
  ok   a harsher brake must give a SMALLER size
  ok   cents and dollars agreeing must read $192.152, got 192.152
  ok   balance WITHOUT balance_dollars must be refused, not divided by 100 on faith -- the unit is read, never inferred
  ok   cents and dollars DISAGREEING must be refused; this is the 19215-read-as-dollars failure, which asks for size 6535
  ok   a non-200 must read as unknown
  ok   no credentials (paper mode) must read as unknown, never 0
  pintake rails raised: MAX_TAKE_COUNT 218 -> 218; LOSS_ABORT $-2.00 -> $-240.00; MAX_RUN_STAKE $664.00 -> $664.00  (auto-size 1 -> 60: selftest)
  ok   apply_size must set SIZE, got 60.0 (size 1 -> 60 (selftest); abort $-240.00, stake cap $664.00, take count 218)
  ok   MAX_TAKE_COUNT must reach the new size or every order is refused in silence, got 218.0
  ok   MAX_RUN_STAKE must cover 3 worst closes at the new size, got 664.0
  ok   loss_abort -240.0 must land inside main()'s own [-480.0, -180.0] band, or the run halts on its first trade
  ok   a rail must NEVER move while a position is open
  pintake rails raised: MAX_TAKE_COUNT 218 -> 218; LOSS_ABORT $-2.00 -> $-96.00; MAX_RUN_STAKE $664.00 -> $664.00  (auto-size 20 -> 24: bank $192.15)
  ok   with AUTO_SIZE_STEP_UP=None the bot goes STRAIGHT to the size the bank supports (24), got 24.0
  ok   a second adjustment inside AUTO_SIZE_EVERY_S must be refused
  pintake rails raised: MAX_TAKE_COUNT 218 -> 218; LOSS_ABORT $-96.00 -> $-120.00; MAX_RUN_STAKE $664.00 -> $664.00  (auto-size 20 -> 30: bank $719.71)
  ok   with damping at 1.5 the first step is 20 -> 30 however big the bank is, got 30.0
  pintake rails raised: MAX_TAKE_COUNT 218 -> 218; LOSS_ABORT $-120.00 -> $-120.00; MAX_RUN_STAKE $664.00 -> $664.00  (auto-size 60 -> 3: bank $30.00)
  ok   a FALL is immediate and undamped -- $30 supports 3, got 3.0
  ok   an unreadable bank must leave SIZE exactly where it was
  ok   --no-auto-size must pin SIZE to --size
  pintake rails raised: HARD_MAX 327 -> 750; MAX_TAKE_COUNT 218 -> 500; LOSS_ABORT $-120.00 -> $-1000.00; MAX_RUN_STAKE $664.00 -> $1510.00  (auto-size 20 -> 250: bank $1000000.00)
  ok   a PAPER arm auto-sizes exactly as live does, or its dollars cannot be compared with live's and the arm is worthless
  ok   and --no-auto-size still pins it, in paper as in live
  pintake rails raised: MAX_TAKE_COUNT 500 -> 500; LOSS_ABORT $-1000.00 -> $-1000.00; MAX_RUN_STAKE $1510.00 -> $1510.00  (auto-size 1 -> 120: loosen the rails first)
  pintake rails raised: MAX_TAKE_COUNT 500 -> 500; LOSS_ABORT $-1000.00 -> $-1000.00; MAX_RUN_STAKE $1510.00 -> $1510.00  (auto-size 120 -> 7: bank $60.00)
  ok   after the rails were loosened for size 120, a $60 bank must still shrink SIZE to 7, got 7.0
  ok   and the brake must stay at its loosest high-water mark, not be tightened on the way down -- loosest allowed here is -240.0 (cap None), got -1000.0
  ok   the DECLARED default improve scope is 'close' -- A22 is reached only through --improve-scope (running now with 'market')
  ok   a _DEFAULT_SIGMA_RULER exists to assert against, so its guard can never become a refusal to start
  ok   and nothing asserts `SIGMA_RULER ==` against a LITERAL -- that shape has stopped this bot from starting four times today, once per flag added ([])
  ok   a _DEFAULT_IMPROVE_SCOPE exists to assert against, so its guard can never become a refusal to start
  ok   and nothing asserts `IMPROVE_SCOPE ==` against a LITERAL -- that shape has stopped this bot from starting four times today, once per flag added ([])
  ok   a _DEFAULT_HONEST_CONF exists to assert against, so its guard can never become a refusal to start
  ok   and nothing asserts `HONEST_CONF ==` against a LITERAL -- that shape has stopped this bot from starting four times today, once per flag added ([])
  ok   a _DEFAULT_PIN exists to assert against, so its guard can never become a refusal to start
  ok   and nothing asserts `PIN ==` against a LITERAL -- that shape has stopped this bot from starting four times today, once per flag added ([])
  ok   a _DEFAULT_MAX_PER_MARKET exists to assert against, so its guard can never become a refusal to start
  ok   and nothing asserts `MAX_PER_MARKET ==` against a LITERAL -- that shape has stopped this bot from starting four times today, once per flag added ([])
  ok   a _DEFAULT_IMPROVE_MAX exists to assert against, so its guard can never become a refusal to start
  ok   and nothing asserts `IMPROVE_MAX ==` against a LITERAL -- that shape has stopped this bot from starting four times today, once per flag added ([])
  ok   a _DEFAULT_PICK exists to assert against, so its guard can never become a refusal to start
  ok   and nothing asserts `PICK ==` against a LITERAL -- that shape has stopped this bot from starting four times today, once per flag added ([])
  ok   a _DEFAULT_MIN_FILL_FRAC exists to assert against, so its guard can never become a refusal to start
  ok   and nothing asserts `MIN_FILL_FRAC ==` against a LITERAL -- that shape has stopped this bot from starting four times today, once per flag added ([])
  ok   a _DEFAULT_HEDGE_BELIEF exists to assert against, so its guard can never become a refusal to start
  ok   and nothing asserts `HEDGE_BELIEF ==` against a LITERAL -- that shape has stopped this bot from starting four times today, once per flag added ([])
  ok   a _DEFAULT_SWEEP_DEPTH exists to assert against, so its guard can never become a refusal to start
  ok   and nothing asserts `SWEEP_DEPTH ==` against a LITERAL -- that shape has stopped this bot from starting four times today, once per flag added ([])
  ok   a _DEFAULT_SKIP_BANDS exists to assert against, so its guard can never become a refusal to start
  ok   and nothing asserts `SKIP_BANDS ==` against a LITERAL -- that shape has stopped this bot from starting four times today, once per flag added ([])
  ok   a _DEFAULT_BAND_MULTS exists to assert against, so its guard can never become a refusal to start
  ok   and nothing asserts `BAND_MULTS ==` against a LITERAL -- that shape has stopped this bot from starting four times today, once per flag added ([])
  ok   the DECLARED default MAX_PER_MARKET is 1 (AMENDMENT 13), which is WHY the improve-by rule is obsolete: the same-market re-buy it was written to stop is already impossible by default (running now with 2)
  ok   under scope 'close' a second coin at 0.977 IS refused after a fill at 0.980, because 0.977 is not below 0.975 -- this is the live 19:15Z refusal, reproduced from the constants
  ok   the trade loop branches on IMPROVE_SCOPE, so scope 'market' really does skip the refusal rather than merely being accepted as a flag
  ok   the close budget is CONTRACTS (94), so two coins at 47 is the same worst case as one coin at 94 -- A22 changes which markets are bought, never how much can be lost
  ok   the DECLARED default IMPROVE_MAX is 1.0c (running now with 0.0100)
  ok   the band has width: at most 0.010 cheaper is above at least 0.005 cheaper, so some second buy can qualify
  ok   with nothing yet bought in the close there is no re-buy to judge
  ok   a DIFFERENT market is not a re-buy -- AMENDMENT 22 governs that, and A23 must not quietly re-impose a cross-market bar
  ok   0.2c cheaper is refused: AMENDMENT 3's floor still binds
  ok   0.5c cheaper is allowed -- exactly IMPROVE_BY, the edge of the band, which is where an off-by-one would hide
  ok   1.0c cheaper is allowed -- exactly IMPROVE_MAX, the other edge
  ok   1.1c cheaper is REFUSED. THIS IS THE WHOLE AMENDMENT: measured over 398 markets that offered a second buy, 0.5-1c cheaper lost 0.70% and paid +3.08c/contract, while 5-10c cheaper lost 26.09% and cost -11.45c. Break-even is 3.58%.
  ok   and a 66c collapse is refused rather than treated as a bargain
  ok   holding 5 of the 50 we wanted, MORE AT THE SAME PRICE is taken. A3's improve rule was written against 'doubling the risk without lowering the average paid', which describes a FULL position, not one that is 10% filled -- this is finishing the order, not scaling in
  ok   and a top-up at a slightly WORSE price is still taken, because every other gate -- ceiling, edge, expected value, dump guard -- has already passed on it at that price
  ok   but once the full 50 are held, the same price is refused again -- the band is back in force the moment the position is complete
  ok   and 'full' is measured against the size we are RUNNING, not a literal: those same 5 contracts ARE a complete position at size 5, so the band applies and the same price is refused
  ok   the loop passes the RUNNING size, or every position looks unfinished and the band never applies at all
  ok   and a fill adds its CONTRACTS to the per-market count, which is the only input that separates a top-up from a scale-in
  ok   the band is measured against the cheapest price paid in THIS market (0.950), not against the close's overall best (0.940) -- the latter would compare a BTC re-buy to a price paid on ETH
  ok   and the trade loop actually calls rebuy_ok, so the band is live logic rather than a function nothing reaches
  ok   a fill records the price paid per market, which is the input the band needs -- without it rebuy_ok silently allows everything
  ok   ladder sizing is OFF by default -- it buys MORE per fill, which is the one change that moves exposure rather than merely which market is bought (running True)
  ok   at the touch price only the touch size is buyable (6)
  ok   but up to the 98c limit the ladder holds 217 -- THE WHOLE AMENDMENT. Live on 2026-09-14 the bot asked for 6 of them and made $0.21 while the rest sat one cent away
  ok   and buying the OTHER side reads the OTHER book -- summing the wrong one reports the depth of the people we trade AGAINST
  ok   an unknown market is zero, never an exception in the order path
  ok   at --min-fill-frac 0 the only floor left is MIN_LEVEL, ONE contract -- the percentage floor is gone, not merely small
  ok   and it stays one contract at SIZE 250. THIS IS THE POINT: a 10%% floor GROWS with the bank -- 6 contracts at SIZE 58, 25 at SIZE 250 -- so it refuses MORE of the book exactly as we scale in
  ok   for contrast, the old 10%% floor at SIZE 58 refused anything under 5.8 contracts at the best price
  ok   and zero is never TIGHTER than the floor it replaces -- this flag may only ever loosen
  ok   at least 100 levels are stored -- the tick is 0.1c above 90c, so the 88-98c band we trade is about a hundred prices and 8 covered a fifth of the book on the BTC 05:30 loss (running 150)
  ok   the signal reads LADDER_LEVELS deep, not a literal 8
  ok   and records ladder_under -- what we could actually BUY at or under the ceiling, which is the number every capacity question wants
  ok   the read sits on the SIGNAL path, which fires a few dozen times a day, not in the 20 Hz scan loop
  ok   ladder_under counts 100+200+50 = 350 at or under the 98.00c ceiling and EXCLUDES the 9,999 sitting a tick above it, which we may never buy
  ok   ladder_total is the whole book (10,349) and is always at least ladder_under -- reporting the total as capacity is how a 99c wall gets counted as something we could take
  ok   the kept curve reaches 250 -- it used to stop at 250, the exact number the operator wants to see past
  ok   the kept curve reaches 500 -- it used to stop at 250, the exact number the operator wants to see past
  ok   the kept curve reaches 750 -- it used to stop at 250, the exact number the operator wants to see past
  ok   the kept curve reaches 1000 -- it used to stop at 250, the exact number the operator wants to see past
  ok   the kept curve reaches 2000 -- it used to stop at 250, the exact number the operator wants to see past
  ok   and it counts correctly out there (3 moments hold 500+, 1 holds 1000+, 1 holds 2000+)
  ok   the curve is monotonically non-increasing -- a bigger order can never be fillable at more moments than a smaller one
  ok   a fresh close carries a ladder sample and a per-market seen set
  ok   and an empty ladder list reports None rather than a fake zero
  ok   the ladder is sampled ONCE PER MARKET per close, not per look -- per look would put a book walk inside a 20 Hz loop
  ok   and BOTH close_summary emitters carry it, or half the closes would silently have no ladder trend
  ok   A43 declared defaults: $1.00 floor, detection ON (running 1.00 / True)
  ok   a $100 fall fully explained by $100 of realised losses is TRADING
  ok   a $500 fall with NO realised loss is a WITHDRAWAL of $500
  ok   losing $100 AND withdrawing $400 reports the WITHDRAWAL as $400 -- the loss is still charged to trading
  ok   the operator's stated policy -- win $200, take $200 out, bank flat -- reads as a $200 withdrawal, not as a mysterious zero
  ok   money appearing with no trade is a DEPOSIT
  ok   an unexplained $+0.00 is inside the floor and stays TRADING -- fees and settlement timing must not read as cash movements
  ok   an unexplained $+0.40 is inside the floor and stays TRADING -- fees and settlement timing must not read as cash movements
  ok   an unexplained $-0.99 is inside the floor and stays TRADING -- fees and settlement timing must not read as cash movements
  ok   an unexplained $+0.99 is inside the floor and stays TRADING -- fees and settlement timing must not read as cash movements
  ok   the FIRST tick of a run never classifies -- a restart resets the realised counter while the bank carries over, so without this every restart would look like a withdrawal of the whole run
  ok   and an unreadable balance never classifies either
  ok   withdrawing $500 from a $1500 high-water mark leaves it at $1000, so the brake measures trading and not the withdrawal
  ok   and it is written to disk
  ok   a bank of $1000 against the shifted mark is ZERO drawdown -- the brake does not fire. Before A43 this was a 33% drawdown and halted the bot
  ok   the mark never goes negative
  ok   a missing mark is left missing, never invented
  pintake rails raised: HARD_MAX 327 -> 561; MAX_TAKE_COUNT 218 -> 374; LOSS_ABORT $-2.00 -> $-748.00; MAX_RUN_STAKE $664.00 -> $1132.00  (auto-size 1 -> 187: bank $1500.00)
  *** WITHDRAWAL of $500.00 detected -- not a trading loss. High-water mark moved to $1000.00; the drawdown brake keeps measuring trading only. ***
  pintake rails raised: MAX_TAKE_COUNT 374 -> 374; LOSS_ABORT $-748.00 -> $-748.00; MAX_RUN_STAKE $1132.00 -> $1132.00  (auto-size 187 -> 125: bank $1000.00)
  ok   autosize_tick END TO END: $500 vanishing with no realised loss logs ONE external record saying withdrawal, -500
  ok   and it does NOT pass `kind` as a keyword -- rec(kind, **kw) takes it positionally, and rec('external', kind=...) raises TypeError. That crashed the live bot on 2026-09-15 at 04:29:30Z and the isolated tests all passed through it
  ok   and the high-water mark really moved on disk, so the next tick sees zero drawdown instead of 33%
  ok   the classifier runs BEFORE the drawdown is computed -- after it, the brake would already have tripped on the operator's own cash
  ok   and only when FLAT, so collateral on an open position is never mistaken for a withdrawal
  ok   A41 declared defaults: x2.0, 5 s window, OFF (running 2.0 / 5 / False)
  ok   with the flag OFF the factor is exactly 1.0 even on a jump, either side -- the flag is the whole switch
  ok   with the flag ON, the +22.25 move (5.5 sd) is AGAINST a NO holder and doubles sigma
  ok   and the SAME jump is in a YES holder's favour, so it widens by 1.5, not 2.0 -- the operator's question, and the measured answer
  ok   a favourable jump is ALWAYS less cautious than an adverse one
  ok   but never 1.0: the reversal tail after a favourable jump is still 2.6x calm, so a favourable jump is not a calm market
  ok   with NO side given, the CAUTIOUS branch is taken -- a caller that forgets the side must never get the looser number
  ok   a missing sigma or a missing market never widens -- a feed hiccup must not make the model humbler by accident
  ok   on the BTC 05:30 shape, doubling sigma lowers confidence in NO from 0.99861 to 0.93267 -- the widened model is humbler exactly where the unwidened one was 99.99% sure and wrong
  ok   a jump seven seconds ago is outside the 5 s window and does not widen, on either side
  ok   NULL: sub-sd wobbles never widen, on either side
  ok   the ENTRY decision takes the lean from the UNWIDENED price, then re-prices widened -- `want` does not exist yet at that point and passing it raised UnboundLocalError on every market that reached the line
  ok   and the unwidened price is computed BEFORE the widen factor, which is the only order in which the lean is knowable
  ok   and so does the HEDGE's belief -- both places the model prices a position, or a held position would be priced by a different model than the one that bought it
  ok   and every signal records whether it was priced widened, so the paper arm's effect is auditable
  ok   A40 declared defaults: 3 sd, 3 s lookback, OFF (running 3.0 / 3 / True)
  ok   BTC 05:30 ET: buying NO, the +18.53 move the second before entry is 4.55 sd AGAINST us
  ok   and buying YES in that same market every one of those moves is in our FAVOUR -- the sign flips with the side (the fill test first had this backwards and called the dangerous bucket our safest)
  ok   a DOWN move of the same size is against a YES holder by the same amount
  ok   with the gate ON, the BTC 05:30 entry is REFUSED (4.55 sd >= 3)
  ok   HYPE 16:00 ET (worst move +0.3 sd) is NOT refused -- this gate catches the jump losses, not the no-warning ones
  ok   2.9 sd is under the bar; the threshold is >= 3.0, fixed before the fill test was run
  ok   big moves in OUR FAVOUR never block
  ok   NULL: sub-sd wobbles never block, either side
  ok   unmeasurable inputs never block -- missing data is not a jump
  ok   and read as None, never as a number
  ok   with the gate OFF (the default) even the BTC entry passes -- the flag is the whole switch
  ok   A40 runs AFTER A38
  ok   and BEFORE the dump guard, so the three refusals stay separable
  ok   every refusal records the moves and sigma it saw, so the rule can be scored instead of trusted
  ok   IndexWS.recent_moves exists and reads the tick dict under the lock
  ok   A38 declared defaults: 1.0 sigma past the strike AND under 2c (running 1.00 / 0.020 / True)
  ok   buying NO with spot 4 above the strike and a 2-unit move is 2.0 AGAINST us
  ok   buying YES in that same market is 2.0 in our FAVOUR -- the sign must flip with the side
  ok   and NO with spot below the strike is in our favour
  ok   A38 refuses NEAR 09-09 00:29, won 41c
  ok   A38 refuses ZEC 09-09 05:29, won 47c
  ok   A38 refuses ZEC 09-09 07:29, won 56c
  ok   A38 refuses BNB 09-10 09:29, won 37c
  ok   A38 refuses BTC 09-14 05:30, LOST $58.43
  ok   the SAME 05:30 book with a 2.5c edge is NOT refused -- a price running against us is fine when we are paid enough for it
  ok   and the SAME thin 1.9c edge with spot on OUR side is NOT refused -- 31%% of everything we trade is under 2c and blocking it all costs 34 winners per loss avoided
  ok   half a sigma past the strike is under the 1.0 threshold
  ok   unmeasurable input (None, 1.0, 1.0) reads as None, never as a number
  ok   and never blocks -- missing data is not evidence the price is against us
  ok   unmeasurable input (1.0, None, 1.0) reads as None, never as a number
  ok   and never blocks -- missing data is not evidence the price is against us
  ok   unmeasurable input (1.0, 1.0, None) reads as None, never as a number
  ok   and never blocks -- missing data is not evidence the price is against us
  ok   unmeasurable input (1.0, 1.0, 0.0) reads as None, never as a number
  ok   and never blocks -- missing data is not evidence the price is against us
  ok   a missing edge never blocks either
  ok   the A38 gate runs AFTER the edge floor -- it is the same question with one more fact, and a market the edge floor already refuses must be attributed to the edge floor
  ok   and BEFORE the dump guard, so the two refusals stay separable in the gate audit
  ok   and every refusal is recorded, so the rule can be scored instead of trusted -- it was deployed on FIVE events
  ok   A39 reads the high-water mark BEFORE write_hwm raises it -- reading after would make EVERY tick look like a recovery and the brake would never hold
  ok   and it clears BOTH the ledger count the brake reads and the set of losing closes -- clearing one and not the other would let the next loss on an old close fail to count
  ok   the trigger is the bank reaching the level it fell FROM, which is the operator's own words and the same event the drawdown brake treats as recovery
  ok   the ladder-aware depth floor is OFF by default -- it lets the bot trade markets it used to refuse outright, which is new exposure, not merely a bigger fill (running True)
  ok   at SIZE 58 and a tenth-size floor, a 3-contract touch IS refused today -- the floor is 5.8
  ok   the touch alone holds 3, which is what the floor sees today
  ok   but the ladder up to a 98c sweep limit holds a full 58 -- so the refusal is thrown away on a number that does not describe what we could buy
  ok   A THIN LADDER STILL FAILS THE FLOOR (4 < 5.8). Without this the amendment would be indistinguishable from removing the floor, which RESULTS_levels.md measured as costing 30% of the money
  ok   the floor consults the ladder ONLY with both flags on -- passing on ladder depth while the ORDER still sizes from the touch buys the scrap fill AMENDMENT 6 added the floor to prevent
  ok   the block under test is the real one in trade_loop, not this file's own description of it
  ok   and it NEVER reassigns take_n -- every downstream user keeps the touch number and the A35 order block does the widening, so this change decides only whether to REFUSE
  ok   the reach is still capped by SIZE, so the worst close is unchanged
  ok   and a refusal records what the ladder held, so the next session can measure this instead of re-deriving it
  ok   the ladder check still runs BEFORE the edge floor, so every market it lets through is judged by edge, dump guard, ceiling and EV exactly as before -- nothing is waved past them
  ok   it only reaches for depth when the limit is ABOVE the touch -- with no sweep there is no extra ladder to take
  ok   and the enlarged order is still capped by SIZE and by what is left of the close's contract budget, so exposure per close cannot grow
  ok   A45: one-coin depth is OFF by default -- a live bot started without the flag cannot take more than SIZE on one market
  ok   A45: the only place the flag is switched on sits behind the live refusal
  ok   A46: OFF by default -- a run without --early-tau buys no early leg, whatever EARLY_LIVE_OK says
  ok   A46: EARLY_LIVE_OK is an explicit switch. True since 2026-09-17 on the operator's instruction; the STAGE 2 bar in PREREG_staged.md governs and a revert is a one-line edit back to False
  ok   A46: the FROZEN RULE IS UNTOUCHED -- a FULL bet still needs tau <= 30. The early window only ever buys EARLY_FRAC x SIZE
  ok   A46: an early look with nothing held buys half a bet
  ok   A46: ...or what is there, if the offer is thinner than that
  ok   A46: a second early look on the same market buys nothing
  ok   A46: at the normal point the top-up completes the bet to SIZE
  ok   A46: ...and a market already at SIZE gets nothing more
  ok   A46: no early leg held -> today's full buy, untouched
  ok   A46: with the window off every look is a full buy
  ok   A46: the tau gate opens to the early window only when it is set
  ok   A46: a second early look is refused before any signal is recorded
  ok   A46: the leg is sized BEFORE the signal record, so the record shows what will be asked for and which leg it is
  ok   A46: the live path re-applies the leg cap AFTER A35/A45 widening, so an early leg can never be widened back to a full bet
  ok   A46: fills book what the market holds from an early leg
  ok   A46: the only place the window opens sits behind the live refusal
  ok   A45: bank $556.02 under a $574.79 high leaves $96.19 before the 20% brake, = 98.15 contracts at the 98c ceiling -- the cap
  ok   A45: at a fresh high the room is 20% of bank = 117.30 contracts, well under the 2.0x multiple
  ok   A45: with a big enough bank the multiple binds first (2.0 x 94)
  ok   A45: deep in a drawdown the room is negative -> the cap is SIZE, never below it: the flag only ever ADDS
  ok   A45: unknown bank or high-water mark -> SIZE (the flag does nothing)
  ok   A45: --one-coin-max 1.0 is exactly today's behaviour
  ok   A45: the trade loop consults one_coin_cap with the LIVE bank and high-water mark, so the cap moves with the money
  ok   A45: on the live path the widening runs AFTER A35 has sized the order and BEFORE the order is sent
  ok   A45: and the PAPER path widens too, before it books the order -- the first version widened only live orders, so the paper arm could never have exercised the flag
  ok   A45: the widened order is still capped by the close budget (_room45), so the per-close worst case is unchanged
  ok   A45: the flag is refused with --live; only a paper arm may carry it
  ok   A45: pintake's per-order cap follows the multiple, or every widened order would be refused in silence (the A16 failure shape)
  ok   the DECLARED drawdown limit is a fifth of the high-water bank -- the operator's number, 2026-09-14 (running 0.200)
  ok   a bank of $80 against a high of $100 is a 20%% drawdown
  ok   and a bank ABOVE its previous high is not a drawdown at all
  ok   a failed balance read or a missing high-water file reads as ZERO drawdown, never as a trip -- a brake that fires whenever the API hiccups would stop the bot on a network blip, and one that fires on a missing file would stop it on its very first run
  ok   no file yet means no high-water mark
  ok   the first bank sets the mark
  ok   a new high raises it
  ok   but a FALL NEVER LOWERS IT. This is the whole amendment: if the mark tracked the bank down, the drawdown would always read zero and the brake could never fire
  ok   and it survives being re-read
  ok   so $120 against a $150 high is exactly the 20%% limit
  ok   a failed balance read does not disturb the mark
  ok   risk_abort actually reads the drawdown, rather than it being computed and discarded
  ok   and a settled LOSS clears the sizer's timer, so the bet shrinks on the next pass instead of up to five minutes later -- the operator's 'if we lose it should immediately recalculate'
  ok   the dollar stop TIGHTENS as well as loosens. It used to ratchet one way, so a stop set when the bank was $310 stayed at -$208 even after the bank halved
  ok   THE SELF-TEST MUST NOT BE ABLE TO WRITE THE SIZE MIRROR every paper arm reads. It did on 2026-09-19 and sized 36 arms to 7 contracts; SIZE_MIRROR is now redirected for the whole test, not per call, because a per-call path is one forgotten argument away from repeating it
  ok   ...and a publish_size() with NO path argument -- the shape that did the damage -- leaves the real mirror byte-identical
  ok   while the self-test runs, HWM_FILE points at a sandbox and NOT at results/pinrun-hwm.json -- currently 'C:\\Users\\Joe\\AppData\\Local\\Temp\\pinhwm-gd2c7uz0\\hwm.json'
  ok   and not anywhere else in results/ either
  ok   a test CAN move the sandboxed mark freely
  ok   and the REAL file is untouched by that (1046.43) -- if this ever fails, the live bot's next start will see a false drawdown and halt
  ok   open contracts are summed across markets (20)
  ok   and an empty ledger holds nothing
  ok   a position that is NOT the dict shape contributes zero rather than a wrong number -- the first version indexed it positionally and would have summed zero for every real position, removing the rail instead of converting it
  ok   three fills of 52 and eighteen of 8.7 are the SAME exposure (156 vs 156.6), so they now hit the cap together -- under the old position count the eighteen would have halted the bot after three
  ok   and risk_abort uses it
  ok   the DECLARED depth floor is half of SIZE (running 0.00)
  ok   and the running floor is never ABOVE the declared default -- this flag exists to LOWER it; raising it cuts trading and needs a code change and a version entry, not a flag (running 0.000)
  ok   and it is refused on --live: A6's measurement against a lower floor predates the contract budget (A17) and the scrap exemption (A12), so it has to be re-measured before it ships
  ok   taking min(SIZE, offered) on a 7-contract book buys 7, not 50 -- a smaller fill can only LOWER exposure, never raise it, which is why lowering the floor cannot raise the loss rate
  ok   the liveness test says THIS process is alive -- if it cannot see itself it can see nothing, and the guard is decorative
  ok   and asking twice more does not kill it -- os.kill(pid, 0) on Windows TERMINATES rather than tests, which is why this function uses OpenProcess(SYNCHRONIZE) there and never os.kill
  ok   and the Windows branch is taken BEFORE os.kill is ever reached
  ok   and a nonsense pid is not alive
  ok   a pid that is not running reads as dead (999999), so a stale pid file from a crashed run does not lock the bot out permanently
  ok   a pid file belonging to ANOTHER process is never deleted -- deleting it would let a third bot start behind the second
  ok   and our own is cleared on exit, so the next restart is not blocked by a file we left behind
  ok   and main() actually refuses a second LIVE start rather than merely warning -- on 2026-09-14 two live bots traded the same account for 24 minutes because a shell script's process lookup came back empty and it started a second one anyway
  ok   no CODE in this file reads a process command line to decide anything. Windows returns that field EMPTY to a caller which cannot open the process, and a guard that silently sees nothing is how two live bots ended up on one account
  ok   the DECLARED per-market attempt cap is 3 (running 3)
  ok   the per-CLOSE attempt cap is at least 24 -- twelve coins settle on the same second, so a cap of 8 could not try them all once and the bot could run out of attempts before reaching a market whose ask was still there (running 24)
  ok   and the close cap leaves room for more than two markets to be tried to their own limit, or the per-market cap is decorative
  ok   the 2026-09-08 runaway -- 160 orders into ONE market in one second -- now sends 3, not 160 and not 8. The per-market cap stops it at its actual source.
  ok   and with every one of twelve coins offering something, all twelve are reached (12) -- under the old cap of 8 the last four could never be tried, which is exactly 'if that one is sold out keep checking the others'
  ok   the scan loop contains no shallow `break`, so an order on one market is always followed by the next market in the pass -- and since AMENDMENT 24 sorted the pass, the next market is the next best one
  ok   every _gate() call is followed by a `continue` within 12 lines, so a gate can only ever record a refusal it actually made ([])
  ok   no gate name is used at two different places -- a duplicated name silently merges two unrelated refusals into one row ([])
  ok   at least fifteen decision points are instrumented, got 26: ['against_thin', 'attempts_cap', 'book_stale', 'book_suspect', 'both_sides', 'close_budget', 'confidence', 'depth_floor', 'dump_guard', 'early_cheap', 'early_once', 'early_wide', 'edge_floor', 'ev_floor', 'improve_by', 'index_stale', 'jump_against', 'market_attempts', 'max_per_close', 'max_per_market', 'no_offer', 'no_sigma', 'price_band', 'price_ceiling', 'rebuy_band', 'staged_none']
  ok   research/pinattrib.py names every instrumented gate, so none is silently missing from the report ([])
  ok   a gate is recorded ONCE per (close, market) -- the loop runs at 20Hz over every watched market and one close produced 4,446 looks on 2026-09-13, so one line per look would swamp the log the settlement reader shares
  ok   the DECLARED default scan order is 'first' -- A24 is a measured improvement that has not yet been through a what-if, so it must be opt-in (running now with 'best')
  ok   the scan visits the biggest previous-pass edge first (B 4.0c, C 2.5c, A 1.0c), got ['B', 'C', 'A', 'D', 'E']
  ok   and a market with NO edge yet (E) or an edge left over from ANOTHER close (D, whose 90c edge was measured on close 1800) sorts last rather than jumping the queue -- a stale edge from a settled close would otherwise dominate every pass
  ok   the loop records each pass's edge, which is the only input the ordering has
  ok   and it really re-orders the scan rather than accepting the flag and ignoring it
  ok   the sort happens BEFORE the scan it orders
  ok   the DECLARED default PIN is 0.995 (running now with 0.9950)
  ok   and the running PIN is never ABOVE the declared default -- a tighter gate is the change that silently halves the trade count, so it needs a code change and a version entry, not a flag (running 0.9950)
  ok   --pin moves the gate
  ok   a decision at z=2.40 clears 0.990 (0.99180) ...
  ok   ... and does NOT clear 0.995 (0.99180) -- the flag is the whole difference between a trade and no trade
  ok   the DECLARED default ruler is 'live' -- AMENDMENT 20 is a model change and may only be reached through --sigma-ruler, against the bar in results/PREREG_ruler.md (running now with 'live')
  ok   both rulers measure on the same series
  ok   after a quiet patch the HOUR reads wider than the five minutes (11.7361 vs 0.0000) -- which is the whole finding
  ok   'live' reproduces the 300s ruler exactly, bit for bit
  ok   'max3600' is never shorter than either input (11.7361)
  ok   '1800' reads wider than the live ruler here (11.1822)
  ok   'maxdown' returns a positive ruler (42.4264)
  ok   a series that only ever rises has NO down moves, so the downside estimator refuses rather than returning zero
  ok   and sigma() falls back to the two-sided ruler there -- a None would skip the market silently, indistinguishable from a thin book
  ok   and the ruler is put back to 'live'
  ok   the DECLARED default for honest confidence is OFF -- AMENDMENT 19 is a threshold change and may only be reached through --honest, against the bar in results/PREREG_honest.md (running now with False)
  ok   honest_tail reads a grid point exactly
  ok   and interpolates between two (0.0350)
  ok   and BEYOND the table it holds the last measured value rather than extrapolating to zero -- claiming a tail we never observed is the exact failure this amendment exists to fix
  ok   and below the table it holds the first
  ok   with --honest, conf_of reads the TABLE (0.95 at z=2)
  ok   which is STRICTLY LESS SURE than the Gaussian (0.9500 < 0.9772) -- this amendment can only ever tighten
  ok   and with it off, conf_of IS the Gaussian, bit for bit
  ok   fair() returns conf_of(z), not ND.cdf(z)
  ok   and in the working code ND.cdf appears ONLY inside conf_of -- no gate can read a different distribution from the one fair() uses (offenders: [])
  ok   a missing table loads as None, so main() can refuse rather than silently running a Gaussian under an honest label
  ok   the sweep limit is never BELOW the ask we saw (0.98 >= 0.952)
  ok   and never above PRICE_CEILING (0.98 <= 0.98)
  ok   at the limit the model edge still clears the floor (1.840c >= 0.300c)
  ok   and the measured-flip EV still clears its floor (0.960c >= 0.300c)
  ok   and it is the HIGHEST such price -- one tick more fails the ceiling, the edge floor, the EV floor, or a skipped band
  ok   with no headroom the limit IS the ask -- the sweep invents none
  ok   the NO side sweeps on (1-fair), not fair (0.98)
  ok   --no-sweep makes the limit exactly the ask we saw, which is the behaviour every live fill before 2026-09-13 had
  ok   the live order path computes the sweep limit
  ok   and computes it BEFORE the order is sent
  ok   and pintake.take() is handed the LIMIT, never the ask we saw -- if this ever reverts, a lost race silently buys nothing again
  ok   and both prices are logged, so PREREG_sweep.md's bar is scorable
  ok   the BASE budget is MAX_PER_CLOSE x SIZE = 136.0, got 136.0
  ok   budget x ceiling must equal worst_close_cost -- if these ever disagree, the --loss-abort band, pintake's stake cap and pinbank are all sized against a different bet than the one being placed
  ok   close_budget(size) must honour an explicit size
  ok   the per-close cap must read CONTRACTS, not the fill count -- and since A56 it reads the budget for THIS CANDIDATE, which is the base plus the extra-coin allowance when the candidate is a coin this close does not already hold
  ok   and `contracts` must come from the close's own record
  ok   and the old fill-count cap must survive behind CLOSE_BUDGET so the rule can be reverted without an edit
  ok   STRUCTURAL: take_n is trimmed to the remaining budget only AFTER the MIN_FILL_FRAC floor has been tested against the FULL size -- trimming first would relax the floor to the remainder
  ok   and the floor is still measured against FULL SIZE, never the remainder -- the operator's own condition (A17)
  ok   and the remainder is measured against close_budget()
  ok   the trim (line 1170) must happen before the order is sent (line 1644), not after
  ok   the signal record must carry the resting age of the level we hit
  ok   and it must read the OPPOSITE side -- buying YES at p hits the NO bid at 1-p, and reading our own side would measure a level we are not trading against
  ok   at the complementary price, not at the price we pay
  ok   NOTHING may branch on the quote age yet ('if _lvl_age' found). The slices in RESULTS_select.md were chosen after seeing the tape and need a pre-registered live bar first; a filter deployed from them would be tuned on its own evidence.
  ok   NOTHING may branch on the quote age yet ('_lvl_age <' found). The slices in RESULTS_select.md were chosen after seeing the tape and need a pre-registered live bar first; a filter deployed from them would be tuned on its own evidence.
  ok   NOTHING may branch on the quote age yet ('_lvl_age >' found). The slices in RESULTS_select.md were chosen after seeing the tape and need a pre-registered live bar first; a filter deployed from them would be tuned on its own evidence.
  ok   NOTHING may branch on the quote age yet ('_lvl_age is not None and' found). The slices in RESULTS_select.md were chosen after seeing the tape and need a pre-registered live bar first; a filter deployed from them would be tuned on its own evidence.
  ok   livebook must expose level_age_ms
  ok   autosize_tick must be called in the trade loop
  ok   and it must come AFTER reconcile(), which is what drains open_pos of settled positions
  ok   and BEFORE risk_abort, so the loss bound is evaluated against the size we are about to trade, not the previous one
SELF-TEST PASSED
  MODE PAPER   tau<=30s  pin 0.995  edge>=0.3c net  loss abort $-60.00  SIZE 20
  log C:\kals-repo\results\pinrun-paper-20260919T122214Z.jsonl
  index up: 11 ticks, 11 feeds
  pintake rails raised: MAX_TAKE_COUNT 218 -> 220; LOSS_ABORT $-2.00 -> $-440.00; MAX_RUN_STAKE $664.00 -> $670.00  (auto-size 20 -> 110: mirroring live size 110)
  --- AUTO-SIZE: size 20 -> 110 (mirroring live size 110); abort $-440.00, stake cap $670.00, take count 220
  SIGNAL KXETH15M-26SEP190830-30 tau=41s buy NO @0.9790 fair 0.0015 edge +1.81c size 20.00 taking 20 [early]
  close 12:30Z: 6282 looks, best was KXETH15M-26SEP190830-3 NO @0.9490 edge +4.61c (need +0.3c) x400 on offer -> FIRED
  SETTLED KXETH15M-26SEP190830-30 no vs no -> +39.12c (run realised $+0.3912)
  SIGNAL KXNEAR15M-26SEP190845-45 tau=45s buy NO @0.9780 fair 0.0044 edge +1.61c size 2.00 taking 2 [early]
  SIGNAL KXDOGE15M-26SEP190845-45 tau=38s buy YES @0.9740 fair 0.9967 edge +2.09c size 4.00 taking 4 [early]
  close 12:45Z: 6390 looks, best was KXDOGE15M-26SEP190845- YES @0.9740 edge +2.09c (need +0.3c) x4 on offer -> FIRED
  SETTLED KXNEAR15M-26SEP190845-45 no vs no -> +4.09c (run realised $+0.4321)
  SETTLED KXDOGE15M-26SEP190845-45 yes vs yes -> +9.69c (run realised $+0.5290)
  SIGNAL KXNEAR15M-26SEP190900-00 tau=21s buy NO @0.9640 fair 0.0014 edge +3.22c size 39.00 taking 39
  SIGNAL KXNEAR15M-26SEP190900-00 tau=21s buy NO @0.9650 fair 0.0014 edge +3.13c size 88.00 taking 88
  SIGNAL KXZEC15M-26SEP190900-00 tau=6s buy YES @0.9740 fair 0.9998 edge +2.40c size 25.00 taking 25
  SIGNAL KXZEC15M-26SEP190900-00 tau=6s buy YES @0.9770 fair 0.9998 edge +2.12c size 9.00 taking 9
  close 13:00Z: 6233 looks, best was KXNEAR15M-26SEP190900- NO @0.9640 edge +3.22c (need +0.3c) x39 on offer -> FIRED
  SETTLED KXNEAR15M-26SEP190900-00 no vs no -> +287.19c (run realised $+3.4009)
  SETTLED KXZEC15M-26SEP190900-00 yes vs yes -> +19.28c (run realised $+3.5937)
  pintake rails raised: MAX_TAKE_COUNT 220 -> 222; LOSS_ABORT $-440.00 -> $-444.00; MAX_RUN_STAKE $670.00 -> $676.00  (auto-size 110 -> 111: mirroring live size 111)
  --- AUTO-SIZE: size 110 -> 111 (mirroring live size 111); abort $-444.00, stake cap $676.00, take count 222
  SIGNAL KXDOGE15M-26SEP190915-15 tau=37s buy YES @0.9790 fair 0.9977 edge +1.72c size 37.00 taking 37 [early]
  close 13:15Z: 6454 looks, best was KXDOGE15M-26SEP190915- YES @0.9790 edge +1.72c (need +0.3c) x37 on offer -> FIRED
  SETTLED KXDOGE15M-26SEP190915-15 yes vs yes -> +72.37c (run realised $+4.3174)
  SIGNAL KXZEC15M-26SEP190930-30 tau=32s buy YES @0.9690 fair 0.9994 edge +2.83c size 19.98 taking 19.98 [early]
  SIGNAL KXZEC15M-26SEP190930-30 tau=30s buy YES @0.9700 fair 0.9989 edge +2.69c size 61.74 taking 61.74 [topup]
  SIGNAL KXBNB15M-26SEP190930-30 tau=20s buy YES @0.9770 fair 0.9977 edge +1.91c size 604.52 taking 111
  SIGNAL KXBNB15M-26SEP190930-30 tau=19s buy YES @0.9700 fair 0.9989 edge +2.69c size 2.00 taking 2
  close 13:30Z: 3776 looks, best was KXZEC15M-26SEP190930-3 YES @0.9600 edge +3.67c (need +0.3c) x67.98 on offer -> FIRED
  SETTLED KXZEC15M-26SEP190930-30 yes vs yes -> +57.73c (run realised $+4.8947)
  SETTLED KXBNB15M-26SEP190930-30 yes vs yes -> +237.84c (run realised $+7.2731)
  SETTLED KXZEC15M-26SEP190930-30 yes vs yes -> +172.64c (run realised $+8.9995)
  SETTLED KXBNB15M-26SEP190930-30 yes vs yes -> +5.59c (run realised $+9.0554)
  SIGNAL KXSOL15M-26SEP190945-45 tau=45s buy YES @0.9800 fair 0.9999 edge +1.85c size 139.71 taking 111 [early]
  SIGNAL KXXRP15M-26SEP190945-45 tau=45s buy NO @0.9780 fair 0.0009 edge +1.96c size 101.07 taking 101.07 [early]
  SIGNAL KXBTC15M-26SEP190945-45 tau=44s buy YES @0.9760 fair 0.9976 edge +2.00c size 761.26 taking 9.93 [early]
  close 13:45Z: 90 looks, best was KXBTC15M-26SEP190945-4 YES @0.9760 edge +2.00c (need +0.3c) x761.3 on offer -> FIRED
  SETTLED KXSOL15M-26SEP190945-45 yes vs yes -> +206.77c (run realised $+11.1231)
  SETTLED KXXRP15M-26SEP190945-45 no vs no -> +207.12c (run realised $+13.1943)
  SETTLED KXBTC15M-26SEP190945-45 yes vs yes -> +22.20c (run realised $+13.4163)
  pintake rails raised: MAX_TAKE_COUNT 222 -> 224; LOSS_ABORT $-444.00 -> $-448.00; MAX_RUN_STAKE $676.00 -> $682.00  (auto-size 111 -> 112: mirroring live size 112)
  --- AUTO-SIZE: size 111 -> 112 (mirroring live size 112); abort $-448.00, stake cap $682.00, take count 224
  close 14:00Z: 4560 looks, best was KXZEC15M-26SEP191000-0 YES @0.9840 edge +1.48c (need +0.3c) x69 on offer -> no trade
  SIGNAL KXDOGE15M-26SEP191015-15 tau=12s buy YES @0.9670 fair 1.0000 edge +3.07c size 6.00 taking 6
  SIGNAL KXDOGE15M-26SEP191015-15 tau=12s buy YES @0.9670 fair 1.0000 edge +3.07c size 400.00 taking 112
  close 14:15Z: 4376 looks, best was KXDOGE15M-26SEP191015- YES @0.9670 edge +3.07c (need +0.3c) x6 on offer -> FIRED
  SETTLED KXDOGE15M-26SEP191015-15 yes vs yes -> +344.58c (run realised $+16.8621)
  close 14:30Z: 4788 looks, best was KXHYPE15M-26SEP191030- YES @0.9980 edge +0.19c (need +0.3c) x1 on offer -> no trade
  close 14:45Z: 3819 looks, best was KXBTC15M-26SEP191045-4 NO @0.9900 edge +0.93c (need +0.3c) x9800 on offer -> no trade
  SIGNAL KXBNB15M-26SEP191100-00 tau=22s buy NO @0.9700 fair 0.0034 edge +2.46c size 2.00 taking 2
  SIGNAL KXBNB15M-26SEP191100-00 tau=22s buy NO @0.9070 fair 0.0033 edge +8.38c size 3.00 taking 3
  SIGNAL KXETH15M-26SEP191100-00 tau=7s buy NO @0.9800 fair 0.0045 edge +1.42c size 42.37 taking 42.37
  close 15:00Z: 3233 looks, best was KXBNB15M-26SEP191100-0 NO @0.9070 edge +8.38c (need +0.3c) x3 on offer -> FIRED
  SETTLED KXBNB15M-26SEP191100-00 no vs no -> +975.46c (run realised $+26.6167)
  SETTLED KXETH15M-26SEP191100-00 no vs no -> +78.92c (run realised $+27.4059)
  pintake rails raised: MAX_TAKE_COUNT 224 -> 226; LOSS_ABORT $-448.00 -> $-452.00; MAX_RUN_STAKE $682.00 -> $688.00  (auto-size 112 -> 113: mirroring live size 113)
  --- AUTO-SIZE: size 112 -> 113 (mirroring live size 113); abort $-452.00, stake cap $688.00, take count 226
  close 15:15Z: 4030 looks, best was KXDOGE15M-26SEP191115- NO @0.9870 edge +0.92c (need +0.3c) x51 on offer -> no trade
  close 15:30Z: 4356 looks, best was KXHYPE15M-26SEP191130- YES @0.9950 edge +0.47c (need +0.3c) x2 on offer -> no trade
  close 15:45Z: 4472 looks, best was KXZEC15M-26SEP191145-4 YES @0.9990 edge +0.09c (need +0.3c) x1640 on offer -> no trade
  SIGNAL KXHYPE15M-26SEP191200-00 tau=12s buy YES @0.8800 fair 0.9977 edge +11.03c size 184.53 taking 113
  close 16:00Z: 4713 looks, best was KXHYPE15M-26SEP191200- YES @0.8800 edge +11.03c (need +0.3c) x184.5 on offer -> FIRED
  SETTLED KXHYPE15M-26SEP191200-00 yes vs yes -> +1272.47c (run realised $+40.1306)
  pintake rails raised: MAX_TAKE_COUNT 226 -> 228; LOSS_ABORT $-452.00 -> $-456.00; MAX_RUN_STAKE $688.00 -> $694.00  (auto-size 113 -> 114: mirroring live size 114)
  --- AUTO-SIZE: size 113 -> 114 (mirroring live size 114); abort $-456.00, stake cap $694.00, take count 228
  close 16:15Z: 4597 looks, best was KXHYPE15M-26SEP191215- YES @0.9580 edge +3.73c (need +0.3c) x40 on offer -> no trade
  SIGNAL KXBNB15M-26SEP191230-30 tau=23s buy YES @0.9160 fair 0.9986 edge +7.72c size 43.00 taking 43
  close 16:30Z: 4060 looks, best was KXBNB15M-26SEP191230-3 YES @0.9160 edge +7.72c (need +0.3c) x43 on offer -> FIRED
  *** A LOSS. losing trades 1, losing CLOSES 1 (the brake counts closes) ***
  *** A BOOSTED LOSS on KXBNB15M-26SEP191230-30: --band-mult is OFF for the rest of this run ***
  SETTLED KXBNB15M-26SEP191230-30 yes vs no -> -10503.81c (run realised $-64.9075)
  pintake rails raised: MAX_TAKE_COUNT 228 -> 228; LOSS_ABORT $-456.00 -> $-456.00; MAX_RUN_STAKE $694.00 -> $694.00  (auto-size 114 -> 107: mirroring live size 107)
  --- AUTO-SIZE: size 114 -> 107 (mirroring live size 107); abort $-428.00, stake cap $694.00, take count 228
  SIGNAL KXETH15M-26SEP191245-45 tau=41s buy NO @0.9780 fair 0.0014 edge +1.91c size 8.00 taking 8 [early]
  SIGNAL KXXRP15M-26SEP191245-45 tau=24s buy YES @0.9800 fair 0.9967 edge +1.53c size 30.10 taking 30.1
  SIGNAL KXXRP15M-26SEP191245-45 tau=23s buy YES @0.9800 fair 0.9967 edge +1.53c size 30.10 taking 30.1
  close 16:45Z: 4128 looks, best was KXETH15M-26SEP191245-4 NO @0.9780 edge +1.91c (need +0.3c) x8 on offer -> FIRED
  SETTLED KXETH15M-26SEP191245-45 no vs no -> +16.39c (run realised $-64.7436)
  SETTLED KXXRP15M-26SEP191245-45 yes vs yes -> +56.07c (run realised $-64.1829)
  SETTLED KXXRP15M-26SEP191245-45 yes vs yes -> +56.07c (run realised $-63.6222)
  pintake rails raised: MAX_TAKE_COUNT 228 -> 228; LOSS_ABORT $-456.00 -> $-456.00; MAX_RUN_STAKE $694.00 -> $694.00  (auto-size 107 -> 108: mirroring live size 108)
  --- AUTO-SIZE: size 107 -> 108 (mirroring live size 108); abort $-432.00, stake cap $694.00, take count 228
  SIGNAL KXXRP15M-26SEP191300-00 tau=26s buy YES @0.9800 fair 0.9954 edge +1.40c size 66.00 taking 66
  close 17:00Z: 4445 looks, best was KXXRP15M-26SEP191300-0 YES @0.9800 edge +1.40c (need +0.3c) x66 on offer -> FIRED
  SETTLED KXXRP15M-26SEP191300-00 yes vs yes -> +122.94c (run realised $-62.3928)
  SIGNAL KXBNB15M-26SEP191315-15 tau=45s buy NO @0.9800 fair 0.0029 edge +1.58c size 116.51 taking 108 [early]
  close 17:15Z: 5431 looks, best was KXBNB15M-26SEP191315-1 NO @0.9800 edge +1.58c (need +0.3c) x116.5 on offer -> FIRED
  SETTLED KXBNB15M-26SEP191315-15 no vs no -> +201.18c (run realised $-60.3810)
  close 17:30Z: 5601 looks, best was KXDOGE15M-26SEP191330- NO @0.9990 edge +0.09c (need +0.3c) x61 on offer -> no trade
  SIGNAL KXETH15M-26SEP191345-45 tau=45s buy YES @0.9720 fair 0.9956 edge +2.17c size 119.37 taking 108 [early]
  close 17:45Z: 5169 looks, best was KXETH15M-26SEP191345-4 YES @0.9720 edge +2.17c (need +0.3c) x119.4 on offer -> FIRED
  SETTLED KXETH15M-26SEP191345-45 yes vs yes -> +281.82c (run realised $-57.5628)
  pintake rails raised: MAX_TAKE_COUNT 228 -> 228; LOSS_ABORT $-456.00 -> $-456.00; MAX_RUN_STAKE $694.00 -> $694.00  (auto-size 108 -> 109: mirroring live size 109)
  --- AUTO-SIZE: size 108 -> 109 (mirroring live size 109); abort $-436.00, stake cap $694.00, take count 228
  SIGNAL KXBTC15M-26SEP191400-00 tau=38s buy NO @0.9800 fair 0.0009 edge +1.77c size 187.02 taking 109 [early]
  SIGNAL KXETH15M-26SEP191400-00 tau=25s buy NO @0.9800 fair 0.0038 edge +1.48c size 124.31 taking 109
  close 18:00Z: 1907 looks, best was KXBTC15M-26SEP191400-0 NO @0.9800 edge +1.77c (need +0.3c) x187 on offer -> FIRED
  SETTLED KXBTC15M-26SEP191400-00 no vs no -> +203.04c (run realised $-55.5324)
  SETTLED KXETH15M-26SEP191400-00 no vs no -> +203.04c (run realised $-53.5020)
  SIGNAL KXNEAR15M-26SEP191415-15 tau=14s buy NO @0.9800 fair 0.0000 edge +1.86c size 365.08 taking 109
  close 18:15Z: 5165 looks, best was KXNEAR15M-26SEP191415- NO @0.9800 edge +1.86c (need +0.3c) x365.1 on offer -> FIRED
  SETTLED KXNEAR15M-26SEP191415-15 no vs no -> +203.04c (run realised $-51.4716)
  SIGNAL KXBNB15M-26SEP191430-30 tau=5s buy YES @0.9520 fair 0.9997 edge +4.45c size 60.00 taking 60
  SIGNAL KXBNB15M-26SEP191430-30 tau=5s buy YES @0.9800 fair 0.9997 edge +1.83c size 901.64 taking 109
  close 18:30Z: 4940 looks, best was KXBNB15M-26SEP191430-3 YES @0.9520 edge +4.45c (need +0.3c) x60 on offer -> FIRED
  SETTLED KXBNB15M-26SEP191430-30 yes vs yes -> +203.04c (run realised $-49.4412)
  close 18:45Z: 5695 looks, best was KXDOGE15M-26SEP191445- YES @0.9960 edge +0.37c (need +0.3c) x10 on offer -> no trade
  close 19:00Z: 5653 looks, best was KXDOGE15M-26SEP191500- NO @0.9830 edge +1.38c (need +0.3c) x1.95 on offer -> no trade
  SIGNAL KXZEC15M-26SEP191515-15 tau=45s buy YES @0.9710 fair 0.9981 edge +2.51c size 70.00 taking 70 [early]
  SIGNAL KXHYPE15M-26SEP191515-15 tau=30s buy YES @0.9000 fair 1.0000 edge +9.37c size 225.00 taking 109
  close 19:15Z: 4883 looks, best was KXHYPE15M-26SEP191515- YES @0.6800 edge +30.48c (need +0.3c) x225 on offer -> FIRED
  SETTLED KXZEC15M-26SEP191515-15 yes vs yes -> +189.20c (run realised $-47.5492)
  SETTLED KXHYPE15M-26SEP191515-15 yes vs yes -> +1021.33c (run realised $-37.3359)
  close 19:30Z: 5094 looks, best was KXBTC15M-26SEP191530-3 YES @0.9920 edge +0.74c (need +0.3c) x123 on offer -> no trade
  SIGNAL KXHYPE15M-26SEP191545-45 tau=45s buy NO @0.9680 fair 0.0041 edge +2.58c size 32.00 taking 32 [early]
  close 19:45Z: 4844 looks, best was KXHYPE15M-26SEP191545- NO @0.9680 edge +2.58c (need +0.3c) x32 on offer -> FIRED
  SETTLED KXHYPE15M-26SEP191545-45 no vs no -> +95.46c (run realised $-36.3813)
  pintake rails raised: MAX_TAKE_COUNT 228 -> 228; LOSS_ABORT $-456.00 -> $-456.00; MAX_RUN_STAKE $694.00 -> $694.00  (auto-size 109 -> 110: mirroring live size 110)
  --- AUTO-SIZE: size 109 -> 110 (mirroring live size 110); abort $-440.00, stake cap $694.00, take count 228
  SIGNAL KXBTC15M-26SEP191600-00 tau=45s buy NO @0.9800 fair 0.0006 edge +1.81c size 482.43 taking 110 [early]
  SIGNAL KXDOGE15M-26SEP191600-00 tau=38s buy NO @0.9790 fair 0.0019 edge +1.77c size 49.00 taking 49 [early]
  SIGNAL KXNEAR15M-26SEP191600-00 tau=14s buy NO @0.9700 fair 0.0038 edge +2.41c size 39.00 taking 39
  SIGNAL KXNEAR15M-26SEP191600-00 tau=14s buy NO @0.9800 fair 0.0038 edge +1.48c size 147.26 taking 22
  close 20:00Z: 2726 looks, best was KXBNB15M-26SEP191600-0 NO @0.6500 edge +33.41c (need +0.3c) x60 on offer -> FIRED
  *** A LOSS. losing trades 2, losing CLOSES 2 (the brake counts closes) ***
  SETTLED KXBTC15M-26SEP191600-00 no vs yes -> -10795.10c (run realised $-144.3323)
  SETTLED KXDOGE15M-26SEP191600-00 no vs no -> +95.84c (run realised $-143.3739)
  SETTLED KXNEAR15M-26SEP191600-00 no vs no -> +40.98c (run realised $-142.9641)
  *** HALT: loss COUNT brake: 2 losing trades this run >= 2; stop and re-measure the flip rate

  56 signals, 143872 evaluations
  ledger {'committed': 0.0, 'filled_contracts': 0.0, 'filled_dollars': 0.0, 'fees': 0.0, 'realised': -142.96406, 'losses': 2, 'sends': 0, 'unknown': 0, 'rested': 0, 'anomalies': [], 'halt': None, 'positions': {}, 'takes': [{'kind': 'pnl', 'delta': 0.3912000000000004, 'note': 'KXETH15M-26SEP190830-30 no vs no', 't': 1789821020.0867941}, {'kind': 'pnl', 'delta': 0.04090000000000004, 'note': 'KXNEAR15M-26SEP190845-45 no vs no', 't': 1789821920.1603055}, {'kind': 'pnl', 'delta': 0.0969000000000001, 'note': 'KXDOGE15M-26SEP190845-45 yes vs yes', 't': 1789821920.2637491}, {'kind': 'pnl', 'delta': 2.871900000000003, 'note': 'KXNEAR15M-26SEP190900-00 no vs no', 't': 1789822820.1093416}, {'kind': 'pnl', 'delta': 0.1928000000000002, 'note': 'KXZEC15M-26SEP190900-00 yes vs yes', 't': 1789822820.2028725}, {'kind': 'pnl', 'delta': 0.7237000000000007, 'note': 'KXDOGE15M-26SEP190915-15 yes vs yes', 't': 1789823720.1135316}, {'kind': 'pnl', 'delta': 0.5772800000000006, 'note': 'KXZEC15M-26SEP190930-30 yes vs yes', 't': 1789824620.119308}, {'kind': 'pnl', 'delta': 2.3784000000000023, 'note': 'KXBNB15M-26SEP190930-30 yes vs yes', 't': 1789824620.2090209}, {'kind': 'pnl', 'delta': 1.7264000000000017, 'note': 'KXZEC15M-26SEP190930-30 yes vs yes', 't': 1789824635.1015658}, {'kind': 'pnl', 'delta': 0.055900000000000054, 'note': 'KXBNB15M-26SEP190930-30 yes vs yes', 't': 1789824635.2529829}, {'kind': 'pnl', 'delta': 2.067700000000002, 'note': 'KXSOL15M-26SEP190945-45 yes vs yes', 't': 1789825520.1577544}, {'kind': 'pnl', 'delta': 2.0712400000000017, 'note': 'KXXRP15M-26SEP190945-45 no vs no', 't': 1789825520.2390301}, {'kind': 'pnl', 'delta': 0.22202000000000036, 'note': 'KXBTC15M-26SEP190945-45 yes vs yes', 't': 1789825520.321192}, {'kind': 'pnl', 'delta': 3.4458000000000033, 'note': 'KXDOGE15M-26SEP191015-15 yes vs yes', 't': 1789827320.1232007}, {'kind': 'pnl', 'delta': 9.754599999999996, 'note': 'KXBNB15M-26SEP191100-00 no vs no', 't': 1789830020.128785}, {'kind': 'pnl', 'delta': 0.7892000000000007, 'note': 'KXETH15M-26SEP191100-00 no vs no', 't': 1789830020.2376463}, {'kind': 'pnl', 'delta': 12.724699999999999, 'note': 'KXHYPE15M-26SEP191200-00 yes vs yes', 't': 1789833620.1012404}, {'kind': 'pnl', 'delta': -105.0381, 'note': 'KXBNB15M-26SEP191230-30 yes vs no', 't': 1789835420.0998652}, {'kind': 'pnl', 'delta': 0.16390000000000016, 'note': 'KXETH15M-26SEP191245-45 no vs no', 't': 1789836320.0898433}, {'kind': 'pnl', 'delta': 0.5607000000000005, 'note': 'KXXRP15M-26SEP191245-45 yes vs yes', 't': 1789836320.179086}, {'kind': 'pnl', 'delta': 0.5607000000000005, 'note': 'KXXRP15M-26SEP191245-45 yes vs yes', 't': 1789836335.1766949}, {'kind': 'pnl', 'delta': 1.2294000000000012, 'note': 'KXXRP15M-26SEP191300-00 yes vs yes', 't': 1789837220.1271448}, {'kind': 'pnl', 'delta': 2.011800000000002, 'note': 'KXBNB15M-26SEP191315-15 no vs no', 't': 1789838120.1282403}, {'kind': 'pnl', 'delta': 2.8182000000000027, 'note': 'KXETH15M-26SEP191345-45 yes vs yes', 't': 1789839920.116997}, {'kind': 'pnl', 'delta': 2.030400000000002, 'note': 'KXBTC15M-26SEP191400-00 no vs no', 't': 1789840820.0892992}, {'kind': 'pnl', 'delta': 2.030400000000002, 'note': 'KXETH15M-26SEP191400-00 no vs no', 't': 1789840820.1692939}, {'kind': 'pnl', 'delta': 2.030400000000002, 'note': 'KXNEAR15M-26SEP191415-15 no vs no', 't': 1789841720.123773}, {'kind': 'pnl', 'delta': 2.030400000000002, 'note': 'KXBNB15M-26SEP191430-30 yes vs yes', 't': 1789842620.1167004}, {'kind': 'pnl', 'delta': 1.8920000000000021, 'note': 'KXZEC15M-26SEP191515-15 yes vs yes', 't': 1789845320.1388476}, {'kind': 'pnl', 'delta': 10.213299999999997, 'note': 'KXHYPE15M-26SEP191515-15 yes vs yes', 't': 1789845320.2384505}, {'kind': 'pnl', 'delta': 0.9546000000000009, 'note': 'KXHYPE15M-26SEP191545-45 no vs no', 't': 1789847120.1041727}, {'kind': 'pnl', 'delta': -107.951, 'note': 'KXBTC15M-26SEP191600-00 no vs yes', 't': 1789848020.1475527}, {'kind': 'pnl', 'delta': 0.9584000000000008, 'note': 'KXDOGE15M-26SEP191600-00 no vs no', 't': 1789848020.249596}, {'kind': 'pnl', 'delta': 0.4098000000000004, 'note': 'KXNEAR15M-26SEP191600-00 no vs no', 't': 1789848020.3359988}]}
  log C:\kals-repo\results\pinrun-paper-20260919T122214Z.jsonl
